UserID,UserName,Age,Gender,Cluster,ClusterName,TotalCourses,TotalCategories,AvgSpending,TotalSpending,AvgRating,DiversityScore,LearningDepthIndex,PreferredCategory,PreferredLevel,EnrollmentFrequencyDays
U0001,Ayaan Sharma,23,Female,0,Premium / Career-Focused Learners,5,5,4566.46,22832.3,4.5200000000000005,0.5,0.3,Finance & Accounting,Intermediate,154.4
U0002,Kavya Pillai,36,Female,1,Explorers (Multi-Category Learners),8,6,2082.6125,16660.9,4.2375,0.6,0.5,Data Science,Advanced,111.4
U0003,Myra Reddy,31,Female,2,Deep Specialists,4,1,1353.3025,5413.21,4.325,0.1,0.5,Business Analytics,Intermediate,206.5
U0004,Reyansh Chopra,27,Female,0,Premium / Career-Focused Learners,5,4,4878.41,24392.05,4.12,0.4,0.3,Finance & Accounting,Beginner,140.4
U0005,Sai Bose,24,Female,1,Explorers (Multi-Category Learners),11,8,1245.88,13704.68,4.127272727272727,0.8,0.409,Digital Marketing,Beginner,67.2
U0006,Sneha Verma,37,Female,2,Deep Specialists,6,1,2439.133333333333,14634.8,4.233333333333333,0.1,0.167,Finance & Accounting,Beginner,151.5
U0007,Vihaan Iyer,23,Female,0,Premium / Career-Focused Learners,3,2,4519.133333333334,13557.400000000001,4.566666666666666,0.2,0.333,Digital Marketing,Beginner,307.3
U0008,Aadhya Pillai,42,Female,1,Explorers (Multi-Category Learners),16,9,2397.2875,38356.6,4.3625,0.9,0.531,Data Science,Intermediate,59.5
U0009,Deepak Kapoor,35,Female,0,Premium / Career-Focused Learners,4,3,4260.85,17043.4,4.15,0.3,0.25,Finance & Accounting,Intermediate,195.2
U0010,Vihaan Chopra,39,Male,2,Deep Specialists,6,1,2015.795,12094.77,4.25,0.1,0.583,Data Science,Advanced,150.3
U0011,Saanvi Chopra,27,Female,2,Deep Specialists,6,1,889.755,5338.53,4.133333333333334,0.1,0.167,Web Development,Beginner,143.5
U0012,Priya Pillai,27,Female,2,Deep Specialists,9,1,2359.5455555555554,21235.91,4.155555555555555,0.1,0.667,Design (UI/UX),Advanced,100.2
U0013,Pooja Bose,40,Female,1,Explorers (Multi-Category Learners),10,6,941.6690000000001,9416.69,4.16,0.6,0.4,Business Analytics,Beginner,75.4
U0014,Kavya Sharma,37,Female,0,Premium / Career-Focused Learners,3,3,3315.33,9945.99,4.533333333333334,0.3,0.333,Cybersecurity,Intermediate,187.3
U0015,Ananya Subramanian,20,Female,0,Premium / Career-Focused Learners,5,5,5740.4580000000005,28702.29,4.26,0.5,0.6,Business Analytics,Intermediate,215.2
U0016,Karthik Gupta,24,Male,2,Deep Specialists,5,1,1794.4720000000002,8972.36,4.4,0.1,0.6,Data Science,Advanced,95.6
U0017,Ishaan Menon,40,Male,0,Premium / Career-Focused Learners,4,2,4920.91,19683.64,4.275,0.2,0.625,Design (UI/UX),Advanced,118.2
U0018,Karthik Nair,19,Male,2,Deep Specialists,8,1,1732.75125,13862.01,4.2,0.1,0.25,Finance & Accounting,Beginner,103.2
U0019,Sai Krishnan,38,Male,2,Deep Specialists,7,1,1069.6614285714286,7487.63,4.128571428571428,0.1,0.143,Web Development,Beginner,120.9
U0020,Reyansh Kumar,37,Male,2,Deep Specialists,6,1,1344.6283333333333,8067.7699999999995,4.166666666666667,0.1,0.167,Web Development,Beginner,134.7
U0021,Naveen Kapoor,18,Female,2,Deep Specialists,5,1,969.9939999999999,4849.969999999999,4.0,0.1,0.1,AI & Machine Learning,Beginner,149.0
U0022,Anika Verma,40,Male,2,Deep Specialists,4,1,1298.405,5193.62,4.3,0.1,1.0,Data Science,Advanced,90.8
U0023,Neha Chopra,28,Female,0,Premium / Career-Focused Learners,3,2,3942.8866666666668,11828.66,4.733333333333333,0.2,0.5,Digital Marketing,Intermediate,205.0
U0024,Ayaan Krishnan,22,Male,2,Deep Specialists,5,1,1351.176,6755.88,4.279999999999999,0.1,0.4,Cybersecurity,Intermediate,150.0
U0025,Sai Chopra,18,Female,1,Explorers (Multi-Category Learners),10,6,1854.6510000000003,18546.510000000002,4.04,0.6,0.65,AI & Machine Learning,Advanced,97.8
U0026,Riya Kapoor,44,Male,1,Explorers (Multi-Category Learners),10,7,2437.148,24371.48,4.34,0.7,0.55,Cloud Computing,Intermediate,85.1
U0027,Suresh Bose,37,Male,2,Deep Specialists,5,1,1746.264,8731.32,4.04,0.1,0.3,Mobile Development,Beginner,162.2
U0028,Saanvi Iyer,17,Male,2,Deep Specialists,4,1,708.61,2834.44,4.125,0.1,0.25,Digital Marketing,Intermediate,128.8
U0029,Aditya Pillai,28,Female,2,Deep Specialists,6,1,1510.195,9061.17,4.066666666666666,0.1,0.75,Cloud Computing,Advanced,136.0
U0030,Riya Iyer,42,Male,2,Deep Specialists,7,1,2315.8,16210.6,4.171428571428572,0.1,0.571,Design (UI/UX),Advanced,128.7
U0031,Myra Nair,38,Female,2,Deep Specialists,4,1,789.3525,3157.41,4.0,0.1,0.375,Digital Marketing,Beginner,162.5
U0032,Divya Gupta,28,Male,2,Deep Specialists,7,1,1069.1000000000001,7483.700000000001,4.128571428571428,0.1,0.143,Web Development,Beginner,105.7
U0033,Neha Kumar,41,Male,1,Explorers (Multi-Category Learners),9,7,2153.746666666667,19383.72,4.188888888888889,0.7,0.333,Mobile Development,Beginner,61.9
U0034,Ananya Kumar,33,Female,2,Deep Specialists,7,1,1145.7814285714287,8020.47,4.357142857142857,0.1,0.714,Data Science,Advanced,121.3
U0035,Naveen Menon,43,Female,2,Deep Specialists,4,1,1315.7575,5263.03,4.225,0.1,0.25,Digital Marketing,Beginner,188.5
U0036,Kavya Iyer,43,Male,0,Premium / Career-Focused Learners,3,3,4874.036666666667,14622.11,4.333333333333333,0.3,0.167,Design (UI/UX),Beginner,140.0
U0037,Harini Rao,26,Female,2,Deep Specialists,9,1,1953.8355555555556,17584.52,4.199999999999999,0.1,0.222,Finance & Accounting,Beginner,60.3
U0038,Sanjay Pillai,44,Female,1,Explorers (Multi-Category Learners),12,9,2408.0,28896.0,3.9499999999999997,0.9,0.5,AI & Machine Learning,Beginner,61.3
U0039,Ananya Raman,44,Female,1,Explorers (Multi-Category Learners),13,8,1730.29,22493.77,4.1,0.8,0.346,Finance & Accounting,Beginner,81.5
U0040,Kiran Pillai,32,Male,1,Explorers (Multi-Category Learners),18,8,1557.073888888889,28027.33,4.177777777777778,0.8,0.5,Finance & Accounting,Intermediate,59.8
U0041,Rohan Verma,31,Male,2,Deep Specialists,4,1,495.025,1980.1,4.175,0.1,0.375,Cybersecurity,Beginner,219.0
U0042,Myra Verma,31,Female,1,Explorers (Multi-Category Learners),16,9,1851.204375,29619.27,4.09375,0.9,0.438,Mobile Development,Beginner,57.3
U0043,Rohan Krishnan,35,Female,2,Deep Specialists,7,1,564.6271428571429,3952.39,4.128571428571428,0.1,0.786,Cloud Computing,Advanced,130.0
U0044,Aadhya Bose,28,Female,2,Deep Specialists,6,1,2243.705,13462.23,4.1,0.1,0.5,Design (UI/UX),Beginner,167.3
U0045,Rohan Menon,39,Male,1,Explorers (Multi-Category Learners),12,7,1627.7033333333336,19532.440000000002,4.166666666666667,0.7,0.292,Finance & Accounting,Beginner,84.5
U0046,Vikram Krishnan,36,Female,2,Deep Specialists,6,1,2103.105,12618.630000000001,4.366666666666667,0.1,0.583,Business Analytics,Intermediate,130.5
U0047,Neha Reddy,41,Female,1,Explorers (Multi-Category Learners),17,7,1670.6200000000001,28400.54,4.070588235294117,0.7,0.382,Data Science,Beginner,53.9
U0048,Anika Reddy,19,Male,2,Deep Specialists,5,1,1891.03,9455.15,4.279999999999999,0.1,0.4,Cybersecurity,Beginner,188.8
U0049,Aarohi Chopra,21,Male,1,Explorers (Multi-Category Learners),13,7,845.2323076923077,10988.02,4.092307692307693,0.7,0.462,AI & Machine Learning,Beginner,56.5
U0050,Sanjay Gupta,35,Female,0,Premium / Career-Focused Learners,4,4,4930.4375,19721.75,4.375,0.4,0.375,Cybersecurity,Beginner,120.5
U0051,Swathi Subramanian,23,Male,1,Explorers (Multi-Category Learners),9,6,1785.23,16067.07,4.288888888888889,0.6,0.167,AI & Machine Learning,Beginner,100.0
U0052,Swathi Krishnan,37,Male,0,Premium / Career-Focused Learners,4,4,5144.1725,20576.69,4.45,0.4,0.375,Mobile Development,Beginner,176.0
U0053,Suresh Pillai,25,Male,2,Deep Specialists,4,1,1546.71,6186.84,4.35,0.1,0.25,Cybersecurity,Beginner,209.5
U0054,Krishna Mishra,23,Male,0,Premium / Career-Focused Learners,5,4,5280.482,26402.41,4.0200000000000005,0.4,0.6,Design (UI/UX),Advanced,134.2
U0055,Vikram Iyer,34,Male,2,Deep Specialists,6,1,1624.1383333333333,9744.83,4.1000000000000005,0.1,0.583,Design (UI/UX),Advanced,137.0
U0056,Vivaan Nair,20,Female,2,Deep Specialists,5,1,2730.052,13650.26,4.279999999999999,0.1,0.4,Cloud Computing,Beginner,144.0
U0057,Ishaan Rao,41,Female,0,Premium / Career-Focused Learners,3,2,3662.683333333333,10988.05,4.433333333333334,0.2,0.167,Finance & Accounting,Beginner,110.7
U0058,Sneha Kapoor,44,Male,2,Deep Specialists,7,1,1988.5142857142857,13919.6,4.371428571428572,0.1,0.5,Business Analytics,Intermediate,125.7
U0059,Arjun Krishnan,30,Female,2,Deep Specialists,8,1,2956.34875,23650.79,4.15,0.1,0.688,Design (UI/UX),Advanced,107.2
U0060,Divya Kapoor,34,Female,2,Deep Specialists,8,1,1418.93625,11351.49,4.025,0.1,0.562,Cloud Computing,Advanced,115.5
U0061,Neha Mishra,42,Male,2,Deep Specialists,5,1,1366.068,6830.34,4.12,0.1,0.8,Design (UI/UX),Advanced,45.4
U0062,Anika Chopra,25,Male,1,Explorers (Multi-Category Learners),11,6,968.1845454545455,10650.03,4.036363636363636,0.6,0.455,Cloud Computing,Beginner,66.1
U0063,Aarav Nair,42,Male,1,Explorers (Multi-Category Learners),17,9,1911.280588235294,32491.77,4.276470588235294,0.9,0.471,Data Science,Beginner,56.9
U0064,Riya Subramanian,37,Male,2,Deep Specialists,5,1,1742.114,8710.57,4.04,0.1,0.3,Mobile Development,Beginner,67.0
U0065,Aarav Gupta,18,Female,2,Deep Specialists,6,1,1695.5966666666666,10173.58,4.316666666666667,0.1,0.5,Business Analytics,Intermediate,138.3
U0066,Deepak Rao,36,Female,2,Deep Specialists,2,2,4958.07,9916.14,3.6500000000000004,0.2,1.0,Design (UI/UX),Advanced,28.5
U0067,Deepak Nair,44,Male,2,Deep Specialists,9,1,1815.0677777777778,16335.61,4.033333333333333,0.1,0.333,AI & Machine Learning,Beginner,86.8
U0068,Pihu Mishra,31,Female,0,Premium / Career-Focused Learners,4,3,3892.5725,15570.29,4.375,0.3,0.125,Finance & Accounting,Beginner,166.2
U0069,Harini Menon,44,Female,1,Explorers (Multi-Category Learners),11,8,1705.6945454545455,18762.64,4.236363636363636,0.8,0.409,AI & Machine Learning,Beginner,94.6
U0070,Ishaan Kumar,23,Male,1,Explorers (Multi-Category Learners),15,10,1483.8966666666668,22258.45,4.213333333333334,1.0,0.367,Business Analytics,Beginner,64.9
U0071,Ananya Chopra,28,Female,1,Explorers (Multi-Category Learners),17,10,1342.1717647058822,22816.92,4.082352941176471,1.0,0.353,Data Science,Beginner,60.1
U0072,Manoj Sharma,24,Other,2,Deep Specialists,9,1,1513.1333333333332,13618.199999999999,4.033333333333333,0.1,0.333,AI & Machine Learning,Intermediate,81.0
U0073,Harini Patel,31,Other,0,Premium / Career-Focused Learners,4,3,3633.3525,14533.41,4.475,0.3,0.25,Digital Marketing,Beginner,127.0
U0074,Vikram Sharma,19,Male,1,Explorers (Multi-Category Learners),13,7,1691.883076923077,21994.48,4.076923076923077,0.7,0.308,AI & Machine Learning,Beginner,70.1
U0075,Ayaan Kumar,30,Female,0,Premium / Career-Focused Learners,3,2,3153.9533333333334,9461.86,4.333333333333333,0.2,0.333,Finance & Accounting,Beginner,178.0
U0076,Pihu Pillai,33,Female,2,Deep Specialists,4,1,2600.0425,10400.17,4.324999999999999,0.1,0.125,Digital Marketing,Beginner,211.8
U0077,Vivaan Pillai,20,Female,2,Deep Specialists,7,1,1145.6042857142857,8019.23,4.128571428571428,0.1,0.143,Web Development,Beginner,100.6
U0078,Lakshmi Iyer,34,Female,2,Deep Specialists,7,1,2251.712857142857,15761.99,4.3,0.1,0.429,Digital Marketing,Beginner,66.9
U0079,Sai Das,24,Female,1,Explorers (Multi-Category Learners),14,8,1669.1285714285714,23367.8,4.035714285714286,0.8,0.643,Cloud Computing,Advanced,57.6
U0080,Arjun Chopra,20,Female,2,Deep Specialists,6,1,1532.0933333333332,9192.56,4.066666666666666,0.1,0.167,Web Development,Beginner,119.2
U0081,Krishna Reddy,18,Female,2,Deep Specialists,5,1,2406.944,12034.72,4.04,0.1,0.3,Mobile Development,Beginner,194.6
U0082,Arun Chopra,22,Female,2,Deep Specialists,8,5,1455.0675,11640.54,4.2875,0.5,0.25,Cybersecurity,Beginner,94.5
U0083,Ananya Gupta,38,Male,2,Deep Specialists,4,1,1220.4975,4881.99,4.25,0.1,0.5,Cybersecurity,Intermediate,207.8
U0084,Manoj Kapoor,26,Male,1,Explorers (Multi-Category Learners),18,8,2048.192777777778,36867.47,4.116666666666666,0.8,0.361,Finance & Accounting,Beginner,54.6
U0085,Sneha Menon,20,Male,2,Deep Specialists,8,1,1839.2,14713.6,4.0875,0.1,0.312,AI & Machine Learning,Beginner,106.9
U0086,Sanjay Menon,38,Female,2,Deep Specialists,5,1,2247.2259999999997,11236.13,4.14,0.1,0.1,Finance & Accounting,Beginner,144.2
U0087,Pihu Krishnan,34,Male,2,Deep Specialists,6,1,3675.366666666667,22052.2,3.966666666666667,0.1,0.667,Design (UI/UX),Advanced,98.5
U0088,Suresh Raman,42,Male,2,Deep Specialists,7,1,2220.43,15543.01,4.371428571428572,0.1,0.5,Business Analytics,Intermediate,138.4
U0089,Manoj Raman,28,Male,1,Explorers (Multi-Category Learners),17,9,2115.786470588235,35968.369999999995,4.347058823529412,0.9,0.265,Cloud Computing,Beginner,54.8
U0090,Ayaan Pillai,18,Female,2,Deep Specialists,8,1,1733.03625,13864.29,4.175,0.1,0.188,Finance & Accounting,Beginner,112.6
U0091,Myra Iyer,26,Female,1,Explorers (Multi-Category Learners),10,7,3236.29,32362.899999999998,4.1,0.7,0.7,Business Analytics,Advanced,99.4
U0092,Karthik Sharma,20,Female,1,Explorers (Multi-Category Learners),16,10,1750.225625,28003.61,4.1625,1.0,0.438,Data Science,Beginner,62.5
U0093,Swathi Chopra,30,Male,0,Premium / Career-Focused Learners,4,4,4694.7575,18779.03,4.3,0.4,0.375,AI & Machine Learning,Beginner,227.0
U0094,Myra Bose,32,Female,1,Explorers (Multi-Category Learners),18,8,1549.2016666666668,27885.63,4.166666666666667,0.8,0.389,Cloud Computing,Beginner,51.8
U0095,Myra Sharma,31,Female,2,Deep Specialists,7,1,1464.9171428571428,10254.42,4.114285714285714,0.1,0.286,Digital Marketing,Beginner,139.1
U0096,Arjun Verma,24,Male,2,Deep Specialists,6,1,1648.3033333333333,9889.82,4.416666666666667,0.1,0.75,Data Science,Advanced,174.0
U0097,Aditya Patel,30,Female,1,Explorers (Multi-Category Learners),16,9,2113.56625,33817.06,4.125,0.9,0.375,Digital Marketing,Beginner,60.1
U0098,Arjun Mishra,39,Male,1,Explorers (Multi-Category Learners),10,6,540.424,5404.24,4.069999999999999,0.6,0.65,Cloud Computing,Intermediate,106.9
U0099,Aarohi Gupta,44,Male,1,Explorers (Multi-Category Learners),14,7,1879.9314285714286,26319.04,4.135714285714285,0.7,0.429,Finance & Accounting,Beginner,52.1
U0100,Vikram Menon,41,Female,0,Premium / Career-Focused Learners,5,5,4056.322,20281.61,4.18,0.5,0.5,AI & Machine Learning,Advanced,105.8
U0101,Sanjay Reddy,24,Male,2,Deep Specialists,6,1,2592.365,15554.189999999999,4.1,0.1,0.75,Design (UI/UX),Advanced,112.3
U0102,Lakshmi Bose,37,Male,1,Explorers (Multi-Category Learners),9,6,1657.1344444444446,14914.210000000001,4.222222222222222,0.6,0.611,Finance & Accounting,Advanced,101.3
U0103,Arun Pillai,32,Male,2,Deep Specialists,8,1,2506.1375,20049.1,4.125,0.1,0.562,Cloud Computing,Advanced,132.1
U0104,Arun Subramanian,29,Male,2,Deep Specialists,5,1,2047.688,10238.44,4.14,0.1,0.2,Finance & Accounting,Beginner,186.0
U0105,Saanvi Nair,34,Male,1,Explorers (Multi-Category Learners),15,10,887.6893333333334,13315.34,4.073333333333333,1.0,0.6,Design (UI/UX),Advanced,67.3
U0106,Reyansh Subramanian,31,Female,2,Deep Specialists,6,1,1616.4383333333335,9698.630000000001,3.983333333333333,0.1,0.25,AI & Machine Learning,Intermediate,147.7
U0107,Naveen Subramanian,37,Female,2,Deep Specialists,9,1,1812.1633333333334,16309.470000000001,4.033333333333333,0.1,0.333,AI & Machine Learning,Beginner,86.3
U0108,Priya Raman,40,Female,0,Premium / Career-Focused Learners,4,4,6134.9425,24539.77,4.125,0.4,0.75,Finance & Accounting,Advanced,204.0
U0109,Vivaan Krishnan,42,Female,1,Explorers (Multi-Category Learners),19,8,1478.215789473684,28086.1,4.184210526315789,0.8,0.421,Digital Marketing,Intermediate,55.2
U0110,Aarohi Menon,41,Female,1,Explorers (Multi-Category Learners),18,7,1753.2694444444446,31558.850000000002,4.183333333333334,0.7,0.278,Finance & Accounting,Beginner,53.3
U0111,Pooja Reddy,44,Female,1,Explorers (Multi-Category Learners),18,9,1626.755,29281.59,4.133333333333334,0.9,0.5,AI & Machine Learning,Beginner,57.6
U0112,Sneha Rao,44,Male,2,Deep Specialists,7,1,841.8285714285714,5892.8,4.128571428571428,0.1,0.143,Web Development,Beginner,131.6
U0113,Kavya Raman,44,Male,1,Explorers (Multi-Category Learners),12,8,2013.3474999999999,24160.17,4.25,0.8,0.417,Finance & Accounting,Beginner,80.2
U0114,Aarohi Iyer,29,Male,2,Deep Specialists,5,1,1528.568,7642.84,4.04,0.1,0.3,Mobile Development,Beginner,147.8
U0115,Pooja Chopra,25,Male,0,Premium / Career-Focused Learners,3,3,5631.759999999999,16895.28,4.3,0.3,0.667,Finance & Accounting,Advanced,151.3
U0116,Reyansh Verma,31,Female,2,Deep Specialists,5,1,1725.2060000000001,8626.03,4.04,0.1,0.3,Mobile Development,Beginner,199.4
U0117,Sanjay Sharma,29,Male,2,Deep Specialists,9,1,1643.02,14787.18,4.311111111111111,0.1,0.667,Data Science,Advanced,93.0
U0118,Sai Pillai,17,Female,0,Premium / Career-Focused Learners,3,3,5846.683333333333,17540.05,4.266666666666667,0.3,0.167,Finance & Accounting,Beginner,291.0
U0119,Vikram Das,41,Other,0,Premium / Career-Focused Learners,4,1,3196.2924999999996,12785.169999999998,4.325,0.1,0.75,Business Analytics,Intermediate,221.2
U0120,Aadhya Krishnan,23,Female,2,Deep Specialists,8,1,1792.03625,14336.29,4.1375,0.1,0.25,Finance & Accounting,Beginner,121.9
U0121,Vivaan Rao,25,Male,1,Explorers (Multi-Category Learners),13,9,971.3269230769231,12627.25,4.138461538461538,0.9,0.577,Cloud Computing,Advanced,69.8
U0122,Divya Sharma,40,Male,0,Premium / Career-Focused Learners,2,2,4540.27,9080.54,4.35,0.2,0.25,Cloud Computing,Intermediate,79.5
U0123,Neha Singh,17,Female,1,Explorers (Multi-Category Learners),13,7,1286.7484615384615,16727.73,4.184615384615385,0.7,0.423,Business Analytics,Beginner,59.6
U0124,Sneha Chopra,28,Female,1,Explorers (Multi-Category Learners),11,8,2241.0754545454547,24651.83,4.072727272727273,0.8,0.5,Design (UI/UX),Beginner,64.5
U0125,Vikram Reddy,24,Male,1,Explorers (Multi-Category Learners),16,9,1525.6056250000001,24409.690000000002,4.25,0.9,0.5,Data Science,Intermediate,60.6
U0126,Saanvi Singh,40,Female,2,Deep Specialists,6,1,2236.055,13416.33,4.05,0.1,0.5,AI & Machine Learning,Intermediate,147.2
U0127,Aadhya Verma,27,Male,1,Explorers (Multi-Category Learners),8,6,1830.6425,14645.14,4.2375,0.6,0.625,Business Analytics,Advanced,53.9
U0128,Vivaan Patel,35,Male,1,Explorers (Multi-Category Learners),18,8,1656.7588888888888,29821.66,4.216666666666667,0.8,0.528,Data Science,Intermediate,50.0
U0129,Vivaan Verma,33,Male,1,Explorers (Multi-Category Learners),18,8,1616.5744444444445,29098.34,4.238888888888889,0.8,0.583,Design (UI/UX),Intermediate,53.4
U0130,Swathi Das,24,Male,1,Explorers (Multi-Category Learners),15,7,2186.787333333333,32801.81,4.206666666666667,0.7,0.467,Data Science,Intermediate,69.1
U0131,Deepak Mishra,19,Other,2,Deep Specialists,5,1,1551.348,7756.74,4.24,0.1,0.3,Finance & Accounting,Beginner,95.0
U0132,Ananya Verma,19,Female,2,Deep Specialists,7,1,1642.8742857142856,11500.119999999999,4.1,0.1,0.214,Finance & Accounting,Beginner,85.7
U0133,Deepak Iyer,17,Male,1,Explorers (Multi-Category Learners),9,5,2502.591111111111,22523.32,4.066666666666666,0.5,0.333,Finance & Accounting,Beginner,97.7
U0134,Diya Iyer,43,Female,2,Deep Specialists,7,1,998.4300000000001,6989.01,4.185714285714286,0.1,0.643,Cloud Computing,Intermediate,139.7
U0135,Harini Iyer,21,Female,2,Deep Specialists,7,1,1739.8257142857144,12178.78,4.371428571428572,0.1,0.5,Business Analytics,Intermediate,96.7
U0136,Aarohi Krishnan,26,Female,1,Explorers (Multi-Category Learners),10,7,2820.4900000000002,28204.9,4.07,0.7,0.3,Digital Marketing,Beginner,96.8
U0137,Ayaan Bose,23,Male,1,Explorers (Multi-Category Learners),17,9,2529.88,43007.96,4.123529411764705,0.9,0.353,AI & Machine Learning,Intermediate,63.4
U0138,Aarohi Bose,42,Male,0,Premium / Career-Focused Learners,5,5,3597.29,17986.45,4.44,0.5,0.5,Mobile Development,Beginner,120.8
U0139,Harini Verma,25,Male,2,Deep Specialists,4,1,834.0425,3336.17,4.175,0.1,0.5,Design (UI/UX),Beginner,153.8
U0140,Gokul Iyer,44,Male,1,Explorers (Multi-Category Learners),9,7,689.7888888888889,6208.1,4.011111111111111,0.7,0.389,Finance & Accounting,Beginner,71.2
U0141,Priya Bose,23,Male,2,Deep Specialists,5,1,1609.666,8048.33,4.04,0.1,0.3,Mobile Development,Beginner,159.6
U0142,Lakshmi Mishra,25,Female,1,Explorers (Multi-Category Learners),18,8,1955.8672222222222,35205.61,4.338888888888889,0.8,0.528,Cloud Computing,Intermediate,55.2
U0143,Rohan Gupta,24,Male,2,Deep Specialists,7,1,1999.6285714285716,13997.400000000001,4.371428571428572,0.1,0.5,Business Analytics,Intermediate,102.1
U0144,Aadhya Patel,28,Male,1,Explorers (Multi-Category Learners),12,8,1549.6991666666665,18596.39,4.133333333333334,0.8,0.417,Design (UI/UX),Beginner,66.8
U0145,Meera Reddy,18,Male,1,Explorers (Multi-Category Learners),10,6,1118.5880000000002,11185.880000000001,4.14,0.6,0.35,Finance & Accounting,Beginner,88.3
U0146,Pihu Raman,17,Male,1,Explorers (Multi-Category Learners),10,8,1871.486,18714.86,4.24,0.8,0.25,Mobile Development,Beginner,92.5
U0147,Rohan Iyer,32,Male,0,Premium / Career-Focused Learners,2,2,4326.715,8653.43,4.7,0.2,0.5,Cybersecurity,Intermediate,276.0
U0148,Aarav Raman,39,Male,2,Deep Specialists,5,1,958.6479999999999,4793.24,4.279999999999999,0.1,0.4,Cybersecurity,Beginner,113.8
U0149,Gokul Bose,39,Male,2,Deep Specialists,8,6,803.57,6428.56,4.0125,0.6,0.438,Web Development,Beginner,92.1
U0150,Reyansh Iyer,40,Male,1,Explorers (Multi-Category Learners),18,9,2108.847222222222,37959.25,4.322222222222222,0.9,0.417,Cybersecurity,Intermediate,55.4
U0151,Deepak Gupta,21,Male,2,Deep Specialists,5,1,1427.91,7139.55,4.340000000000001,0.1,0.6,Business Analytics,Intermediate,153.0
U0152,Krishna Kumar,19,Female,1,Explorers (Multi-Category Learners),18,8,2280.652777777778,41051.75,4.166666666666667,0.8,0.389,Business Analytics,Beginner,47.8
U0153,Arjun Pillai,28,Male,1,Explorers (Multi-Category Learners),8,7,946.7974999999999,7574.379999999999,4.2875,0.7,0.562,Business Analytics,Advanced,118.2
U0154,Suresh Singh,24,Male,0,Premium / Career-Focused Learners,3,2,5207.463333333334,15622.390000000001,4.533333333333334,0.2,0.167,Finance & Accounting,Beginner,163.3
U0155,Sanjay Singh,38,Male,1,Explorers (Multi-Category Learners),15,9,1613.1006666666667,24196.510000000002,3.9733333333333336,0.9,0.267,Data Science,Beginner,65.8
U0156,Gokul Mishra,43,Female,2,Deep Specialists,8,1,1938.69625,15509.57,4.25,0.1,0.688,Cloud Computing,Advanced,100.5
U0157,Aarav Chopra,19,Male,0,Premium / Career-Focused Learners,5,4,4521.058,22605.29,4.0600000000000005,0.4,0.5,Design (UI/UX),Beginner,135.2
U0158,Pihu Nair,17,Female,1,Explorers (Multi-Category Learners),18,9,2473.1544444444444,44516.78,4.2555555555555555,0.9,0.5,Digital Marketing,Intermediate,58.1
U0159,Krishna Gupta,19,Female,1,Explorers (Multi-Category Learners),11,6,2188.5781818181817,24074.36,4.1454545454545455,0.6,0.455,Digital Marketing,Beginner,83.5
U0160,Ayaan Nair,21,Male,1,Explorers (Multi-Category Learners),14,6,1023.3050000000001,14326.27,4.2214285714285715,0.6,0.464,Data Science,Beginner,68.9
U0161,Kiran Reddy,31,Female,0,Premium / Career-Focused Learners,2,2,6550.895,13101.79,4.3,0.2,0.5,Design (UI/UX),Intermediate,146.0
U0162,Kavya Singh,30,Female,0,Premium / Career-Focused Learners,3,3,5114.813333333333,15344.439999999999,4.566666666666666,0.3,0.5,Digital Marketing,Advanced,100.7
U0163,Karthik Menon,19,Male,0,Premium / Career-Focused Learners,2,1,5953.005,11906.01,4.55,0.1,0.25,Cloud Computing,Intermediate,101.0
U0164,Anika Mishra,17,Male,1,Explorers (Multi-Category Learners),19,8,1155.318947368421,21951.06,4.226315789473684,0.8,0.5,Cloud Computing,Beginner,53.4
U0165,Vikram Gupta,21,Female,0,Premium / Career-Focused Learners,4,4,4259.5824999999995,17038.329999999998,4.575,0.4,0.5,Design (UI/UX),Intermediate,216.8
U0166,Vivaan Iyer,42,Male,0,Premium / Career-Focused Learners,2,2,5427.34,10854.68,4.15,0.2,0.5,Design (UI/UX),Intermediate,317.5
U0167,Sneha Gupta,39,Other,2,Deep Specialists,7,1,1318.3185714285714,9228.23,4.371428571428572,0.1,0.5,Business Analytics,Intermediate,111.6
U0168,Aditya Sharma,30,Male,0,Premium / Career-Focused Learners,3,3,4512.55,13537.650000000001,4.5,0.3,0.167,Finance & Accounting,Beginner,233.3
U0169,Karthik Reddy,23,Female,0,Premium / Career-Focused Learners,5,5,6398.052000000001,31990.260000000002,4.180000000000001,0.5,0.7,Design (UI/UX),Intermediate,127.6
U0170,Anika Rao,43,Male,2,Deep Specialists,7,1,919.5871428571428,6437.11,4.1571428571428575,0.1,0.5,Data Science,Beginner,105.0
U0171,Arjun Reddy,25,Female,2,Deep Specialists,5,1,1774.8879999999997,8874.439999999999,4.04,0.1,0.3,Mobile Development,Beginner,72.0
U0172,Sanjay Verma,31,Female,1,Explorers (Multi-Category Learners),8,7,1099.29,8794.32,4.425,0.7,0.688,Digital Marketing,Advanced,129.1
U0173,Sneha Reddy,31,Male,1,Explorers (Multi-Category Learners),9,6,2223.3444444444444,20010.1,4.199999999999999,0.6,0.611,Data Science,Intermediate,94.4
U0174,Aditya Singh,42,Male,2,Deep Specialists,6,1,1827.36,10964.16,4.083333333333333,0.1,0.583,Design (UI/UX),Advanced,103.3
U0175,Suresh Verma,26,Male,1,Explorers (Multi-Category Learners),13,8,2165.8592307692306,28156.17,4.323076923076924,0.8,0.385,Digital Marketing,Beginner,79.4
U0176,Aarohi Nair,44,Male,0,Premium / Career-Focused Learners,2,2,6939.04,13878.08,4.25,0.2,0.25,Finance & Accounting,Beginner,16.5
U0177,Naveen Chopra,29,Male,0,Premium / Career-Focused Learners,5,5,5256.736,26283.68,4.38,0.5,0.4,Digital Marketing,Beginner,150.4
U0178,Priya Kapoor,35,Female,0,Premium / Career-Focused Learners,2,2,7440.915,14881.83,4.1,0.2,0.75,Design (UI/UX),Advanced,355.5
U0179,Ishaan Pillai,23,Female,1,Explorers (Multi-Category Learners),16,9,2224.41875,35590.7,4.2375,0.9,0.312,Design (UI/UX),Beginner,65.1
U0180,Ananya Rao,33,Female,1,Explorers (Multi-Category Learners),16,9,1172.439375,18759.03,4.2125,0.9,0.438,Data Science,Intermediate,53.5
U0181,Priya Sharma,36,Female,1,Explorers (Multi-Category Learners),13,8,1141.7076923076925,14842.2,4.146153846153846,0.8,0.462,Finance & Accounting,Beginner,70.4
U0182,Diya Patel,20,Female,2,Deep Specialists,4,1,1706.9299999999998,6827.719999999999,4.2,0.1,0.625,Business Analytics,Advanced,210.0
U0183,Kavya Rao,21,Female,0,Premium / Career-Focused Learners,3,3,5219.426666666667,15658.28,4.2,0.3,0.5,Mobile Development,Beginner,245.3
U0184,Reyansh Krishnan,39,Female,0,Premium / Career-Focused Learners,3,3,4293.443333333334,12880.33,4.133333333333334,0.3,0.333,Digital Marketing,Beginner,140.0
U0185,Aditya Das,23,Male,2,Deep Specialists,8,1,1849.7225,14797.78,3.975,0.1,0.312,AI & Machine Learning,Beginner,104.1
U0186,Myra Menon,29,Male,0,Premium / Career-Focused Learners,4,4,4038.9725,16155.89,4.25,0.4,0.25,Mobile Development,Beginner,158.0
U0187,Saanvi Krishnan,31,Male,0,Premium / Career-Focused Learners,4,3,4308.635,17234.54,4.05,0.3,0.375,Finance & Accounting,Beginner,145.0
U0188,Arjun Gupta,27,Male,1,Explorers (Multi-Category Learners),10,6,1999.8310000000001,19998.31,4.119999999999999,0.6,0.35,Cloud Computing,Beginner,82.2
U0189,Naveen Mishra,20,Male,0,Premium / Career-Focused Learners,4,3,4825.945,19303.78,4.25,0.3,0.625,Design (UI/UX),Intermediate,271.0
U0190,Meera Chopra,29,Male,1,Explorers (Multi-Category Learners),13,8,1874.9476923076923,24374.32,4.184615384615385,0.8,0.615,Digital Marketing,Advanced,83.0
U0191,Ayaan Gupta,23,Female,1,Explorers (Multi-Category Learners),9,6,2322.66,20903.94,4.177777777777778,0.6,0.389,Web Development,Beginner,104.1
U0192,Diya Bose,43,Female,2,Deep Specialists,8,1,1691.505,13532.04,4.225,0.1,0.375,Digital Marketing,Beginner,99.9
U0193,Reyansh Kapoor,35,Male,2,Deep Specialists,8,5,1457.9424999999999,11663.539999999999,4.3875,0.5,0.562,Data Science,Advanced,98.4
U0194,Sneha Kumar,38,Male,2,Deep Specialists,7,1,1123.9871428571428,7867.91,4.128571428571428,0.1,0.143,Web Development,Beginner,141.3
U0195,Rohan Subramanian,44,Male,2,Deep Specialists,8,1,1843.1825000000001,14745.460000000001,4.1375,0.1,0.25,Finance & Accounting,Beginner,131.9
U0196,Harini Mishra,18,Male,2,Deep Specialists,5,1,1917.116,9585.58,4.279999999999999,0.1,0.4,Cybersecurity,Beginner,131.2
U0197,Lakshmi Menon,26,Male,1,Explorers (Multi-Category Learners),18,8,1418.5366666666666,25533.66,4.300000000000001,0.8,0.472,Cloud Computing,Intermediate,58.1
U0198,Sneha Sharma,29,Female,2,Deep Specialists,6,1,1875.6866666666667,11254.12,4.4,0.1,0.583,Business Analytics,Intermediate,110.8
U0199,Manoj Chopra,41,Male,2,Deep Specialists,6,1,993.2800000000001,5959.68,4.133333333333334,0.1,0.167,Web Development,Beginner,156.0
U0200,Saanvi Kumar,37,Female,2,Deep Specialists,6,1,1821.4750000000001,10928.85,4.266666666666667,0.1,0.583,Cloud Computing,Intermediate,163.2
U0201,Sneha Iyer,22,Female,2,Deep Specialists,8,1,1766.5887500000001,14132.710000000001,4.225,0.1,0.375,Digital Marketing,Beginner,111.8
U0202,Karthik Kapoor,44,Male,1,Explorers (Multi-Category Learners),11,7,1425.7790909090909,15683.57,4.218181818181818,0.7,0.273,Finance & Accounting,Beginner,79.1
U0203,Rohan Nair,44,Female,2,Deep Specialists,8,1,2682.775,21462.2,4.25,0.1,0.25,Finance & Accounting,Beginner,106.6
U0204,Pihu Subramanian,28,Female,1,Explorers (Multi-Category Learners),13,7,1610.2184615384615,20932.84,4.361538461538462,0.7,0.462,Data Science,Beginner,57.2
U0205,Riya Chopra,28,Male,2,Deep Specialists,6,1,1044.9416666666666,6269.65,4.25,0.1,0.583,Design (UI/UX),Advanced,124.7
U0206,Krishna Menon,36,Male,0,Premium / Career-Focused Learners,5,4,4500.232,22501.16,4.279999999999999,0.4,0.4,Cloud Computing,Beginner,173.6
U0207,Priya Krishnan,27,Female,0,Premium / Career-Focused Learners,8,1,3403.48625,27227.89,4.25,0.1,0.25,Finance & Accounting,Beginner,117.5
U0208,Diya Kapoor,42,Female,2,Deep Specialists,6,1,2011.2283333333332,12067.369999999999,4.233333333333333,0.1,0.333,Finance & Accounting,Beginner,134.7
U0209,Lakshmi Singh,39,Female,0,Premium / Career-Focused Learners,5,5,5345.348,26726.739999999998,4.18,0.5,0.5,Cloud Computing,Intermediate,209.8
U0210,Aarav Singh,44,Female,0,Premium / Career-Focused Learners,4,4,6491.1675,25964.67,4.225,0.4,0.25,Mobile Development,Beginner,219.0
U0211,Riya Menon,41,Female,0,Premium / Career-Focused Learners,3,2,6564.923333333333,19694.77,4.2,0.2,0.833,Design (UI/UX),Advanced,159.0
U0212,Sneha Bose,23,Other,2,Deep Specialists,3,3,3220.763333333334,9662.29,4.1000000000000005,0.3,0.5,Mobile Development,Beginner,225.7
U0213,Neha Raman,17,Female,1,Explorers (Multi-Category Learners),12,5,1169.9058333333335,14038.87,3.983333333333333,0.5,0.417,Data Science,Beginner,84.3
U0214,Pooja Menon,17,Female,1,Explorers (Multi-Category Learners),10,8,2809.373,28093.73,4.32,0.8,0.35,Finance & Accounting,Beginner,93.5
U0215,Deepak Das,41,Female,2,Deep Specialists,7,1,1155.4771428571428,8088.34,4.057142857142857,0.1,0.286,AI & Machine Learning,Intermediate,140.6
U0216,Ananya Iyer,43,Male,1,Explorers (Multi-Category Learners),11,8,2538.4254545454546,27922.68,4.4818181818181815,0.8,0.5,Business Analytics,Intermediate,94.6
U0217,Riya Mishra,41,Female,2,Deep Specialists,6,1,1932.0033333333333,11592.02,4.316666666666666,0.1,0.167,Finance & Accounting,Beginner,142.8
U0218,Gokul Patel,36,Female,1,Explorers (Multi-Category Learners),8,8,1123.74,8989.92,4.2125,0.8,0.312,Design (UI/UX),Beginner,115.2
U0219,Saanvi Reddy,29,Male,2,Deep Specialists,8,1,1321.47625,10571.81,4.2124999999999995,0.1,0.625,Design (UI/UX),Advanced,122.0
U0220,Vihaan Verma,25,Female,2,Deep Specialists,5,1,1194.982,5974.91,4.24,0.1,0.8,Data Science,Advanced,123.8
U0221,Aarohi Das,19,Male,2,Deep Specialists,4,1,764.665,3058.66,4.225,0.1,0.75,Data Science,Advanced,172.2
U0222,Neha Subramanian,23,Female,2,Deep Specialists,7,1,1403.1785714285713,9822.25,4.128571428571428,0.1,0.643,Cloud Computing,Intermediate,118.1
U0223,Divya Das,22,Female,0,Premium / Career-Focused Learners,5,3,5594.6900000000005,27973.45,4.14,0.3,0.3,Cloud Computing,Beginner,204.8
U0224,Meera Pillai,24,Female,2,Deep Specialists,6,1,1664.9033333333334,9989.42,4.266666666666667,0.1,0.25,AI & Machine Learning,Beginner,164.5
U0225,Ishaan Sharma,43,Male,0,Premium / Career-Focused Learners,3,3,5802.81,17408.43,4.633333333333334,0.3,0.333,Cybersecurity,Intermediate,47.7
U0226,Myra Rao,25,Female,1,Explorers (Multi-Category Learners),17,9,1871.6664705882351,31818.329999999998,4.135294117647058,0.9,0.5,Cloud Computing,Beginner,45.6
U0227,Vivaan Chopra,21,Female,0,Premium / Career-Focused Learners,4,3,4519.7775,18079.11,4.45,0.3,0.25,Finance & Accounting,Beginner,46.0
U0228,Kiran Kapoor,17,Male,2,Deep Specialists,4,1,1058.385,4233.54,4.125,0.1,0.25,AI & Machine Learning,Intermediate,190.0
U0229,Rohan Raman,35,Male,1,Explorers (Multi-Category Learners),16,8,1912.523125,30600.37,4.075,0.8,0.469,Data Science,Beginner,66.7
U0230,Pooja Rao,26,Female,1,Explorers (Multi-Category Learners),13,8,2081.5492307692307,27060.14,4.3769230769230765,0.8,0.5,Cloud Computing,Intermediate,66.2
U0231,Arun Raman,28,Male,2,Deep Specialists,5,1,2538.63,12693.15,4.04,0.1,0.3,Mobile Development,Beginner,117.4
U0232,Anika Pillai,40,Male,1,Explorers (Multi-Category Learners),17,8,1785.2552941176468,30349.339999999997,4.052941176470589,0.8,0.618,Design (UI/UX),Advanced,52.5
U0233,Kavya Mishra,31,Female,1,Explorers (Multi-Category Learners),17,9,1686.4382352941175,28669.449999999997,4.188235294117647,0.9,0.676,Data Science,Advanced,61.2
U0234,Vikram Pillai,43,Male,2,Deep Specialists,6,1,1708.4916666666666,10250.949999999999,4.116666666666666,0.1,0.5,Cloud Computing,Beginner,153.8
U0235,Arjun Singh,38,Female,2,Deep Specialists,4,1,2175.37,8701.48,4.325,0.1,0.5,Cybersecurity,Intermediate,231.8
U0236,Karthik Patel,40,Male,2,Deep Specialists,5,1,1472.778,7363.89,4.12,0.1,0.3,Digital Marketing,Beginner,185.4
U0237,Sanjay Iyer,25,Female,2,Deep Specialists,3,3,3325.78,9977.34,4.166666666666667,0.3,0.333,Design (UI/UX),Beginner,175.0
U0238,Myra Krishnan,36,Male,2,Deep Specialists,5,1,3103.33,15516.65,4.2,0.1,0.1,Finance & Accounting,Beginner,105.4
U0239,Arjun Subramanian,33,Female,2,Deep Specialists,4,1,1296.9825,5187.93,4.075,0.1,0.625,Design (UI/UX),Advanced,72.8
U0240,Priya Patel,33,Male,1,Explorers (Multi-Category Learners),13,7,1709.27,22220.51,4.2846153846153845,0.7,0.423,Web Development,Beginner,82.2
U0241,Sanjay Raman,42,Female,0,Premium / Career-Focused Learners,4,1,2309.1875,9236.75,4.625,0.1,0.375,Business Analytics,Intermediate,252.0
U0242,Priya Verma,36,Male,1,Explorers (Multi-Category Learners),17,8,1553.0588235294117,26402.0,4.011764705882353,0.8,0.529,Design (UI/UX),Advanced,63.4
U0243,Aadhya Subramanian,28,Female,2,Deep Specialists,2,2,5002.965,10005.93,3.95,0.2,0.5,Design (UI/UX),Advanced,216.0
U0244,Divya Bose,23,Male,0,Premium / Career-Focused Learners,3,3,6950.88,20852.64,4.266666666666667,0.3,0.333,Design (UI/UX),Intermediate,226.3
U0245,Vihaan Bose,18,Other,2,Deep Specialists,5,1,1570.774,7853.869999999999,4.04,0.1,0.3,Mobile Development,Beginner,178.4
U0246,Aarav Kumar,19,Female,1,Explorers (Multi-Category Learners),8,6,1247.3425,9978.74,4.2,0.6,0.438,Digital Marketing,Intermediate,54.8
U0247,Priya Chopra,33,Male,0,Premium / Career-Focused Learners,3,2,3884.69,11654.07,4.533333333333334,0.2,0.167,Finance & Accounting,Beginner,101.7
U0248,Sanjay Kapoor,21,Female,0,Premium / Career-Focused Learners,5,4,3922.6279999999997,19613.14,4.36,0.4,0.5,Cloud Computing,Intermediate,177.8
U0249,Myra Das,33,Male,1,Explorers (Multi-Category Learners),9,6,2386.616666666667,21479.55,4.277777777777778,0.6,0.722,Data Science,Advanced,120.3
U0250,Myra Gupta,40,Male,1,Explorers (Multi-Category Learners),18,8,2269.507222222222,40851.13,4.061111111111111,0.8,0.5,Design (UI/UX),Beginner,57.2
U0251,Sneha Das,33,Male,2,Deep Specialists,2,2,3353.9849999999997,6707.969999999999,3.9000000000000004,0.2,0.5,AI & Machine Learning,Advanced,371.0
U0252,Vihaan Krishnan,43,Female,1,Explorers (Multi-Category Learners),10,6,1849.8760000000002,18498.760000000002,4.16,0.6,0.5,Design (UI/UX),Intermediate,79.7
U0253,Karthik Krishnan,33,Female,0,Premium / Career-Focused Learners,2,2,4917.63,9835.26,4.2,0.2,0.5,Finance & Accounting,Beginner,102.0
U0254,Krishna Kapoor,18,Male,2,Deep Specialists,5,1,2810.6279999999997,14053.14,4.5,0.1,0.8,Data Science,Advanced,45.2
U0255,Meera Bose,18,Female,1,Explorers (Multi-Category Learners),17,8,1785.1658823529413,30347.82,4.276470588235294,0.8,0.588,Data Science,Advanced,52.1
U0256,Lakshmi Sharma,44,Male,0,Premium / Career-Focused Learners,3,3,5504.360000000001,16513.08,4.3,0.3,0.5,Business Analytics,Intermediate,147.0
U0257,Sai Subramanian,38,Male,1,Explorers (Multi-Category Learners),16,8,2285.068125,36561.09,4.20625,0.8,0.344,Data Science,Beginner,61.6
U0258,Krishna Raman,39,Male,2,Deep Specialists,4,1,2846.3424999999997,11385.369999999999,4.1,0.1,0.75,Design (UI/UX),Intermediate,176.8
U0259,Diya Verma,21,Male,1,Explorers (Multi-Category Learners),8,7,1042.5,8340.0,4.075,0.7,0.5,Finance & Accounting,Beginner,103.8
U0260,Anika Krishnan,17,Male,1,Explorers (Multi-Category Learners),11,6,1674.8063636363636,18422.87,4.2727272727272725,0.6,0.318,Business Analytics,Beginner,90.9
U0261,Neha Patel,17,Female,2,Deep Specialists,7,1,644.3085714285714,4510.16,4.128571428571428,0.1,0.143,Web Development,Beginner,127.3
U0262,Kavya Subramanian,35,Male,2,Deep Specialists,7,1,2876.7442857142855,20137.21,4.014285714285714,0.1,0.571,Design (UI/UX),Advanced,122.9
U0263,Anika Iyer,18,Male,2,Deep Specialists,5,1,1229.0900000000001,6145.450000000001,4.279999999999999,0.1,0.4,Cybersecurity,Beginner,201.4
U0264,Arun Sharma,37,Male,2,Deep Specialists,2,2,3656.375,7312.75,3.75,0.2,0.75,Design (UI/UX),Intermediate,382.5
U0265,Naveen Pillai,28,Male,2,Deep Specialists,7,1,1259.812857142857,8818.689999999999,4.285714285714286,0.1,0.571,Data Science,Advanced,129.7
U0266,Vihaan Pillai,42,Female,1,Explorers (Multi-Category Learners),15,8,1278.9246666666666,19183.87,4.233333333333333,0.8,0.4,Business Analytics,Beginner,64.9
U0267,Saanvi Sharma,22,Male,1,Explorers (Multi-Category Learners),16,9,2003.358125,32053.73,4.075,0.9,0.5,Design (UI/UX),Intermediate,61.6
U0268,Gokul Reddy,39,Female,0,Premium / Career-Focused Learners,3,3,4724.913333333333,14174.74,4.233333333333333,0.3,0.667,Business Analytics,Intermediate,41.7
U0269,Aarohi Reddy,20,Other,0,Premium / Career-Focused Learners,4,4,6699.3025,26797.21,4.45,0.4,0.125,Finance & Accounting,Beginner,253.5
U0270,Arun Nair,39,Female,2,Deep Specialists,9,1,1959.7377777777776,17637.64,4.199999999999999,0.1,0.222,Finance & Accounting,Beginner,99.6
U0271,Neha Gupta,27,Female,1,Explorers (Multi-Category Learners),14,9,1647.8714285714286,23070.2,4.121428571428572,0.9,0.429,Finance & Accounting,Beginner,53.9
U0272,Suresh Rao,40,Male,1,Explorers (Multi-Category Learners),12,9,1596.37,19156.44,4.283333333333333,0.9,0.333,AI & Machine Learning,Beginner,83.7
U0273,Harini Kapoor,43,Female,2,Deep Specialists,6,1,2383.056666666667,14298.34,4.283333333333333,0.1,0.25,Finance & Accounting,Beginner,170.0
U0274,Ayaan Rao,33,Female,0,Premium / Career-Focused Learners,3,3,5175.946666666667,15527.84,4.3,0.3,0.5,Design (UI/UX),Advanced,174.0
U0275,Swathi Sharma,22,Female,2,Deep Specialists,4,1,1940.5774999999999,7762.3099999999995,4.0,0.1,0.375,Mobile Development,Beginner,159.2
U0276,Pihu Bose,40,Male,0,Premium / Career-Focused Learners,5,5,5520.966,27604.83,4.220000000000001,0.5,0.4,Cloud Computing,Beginner,150.8
U0277,Divya Krishnan,21,Male,0,Premium / Career-Focused Learners,5,4,4630.852000000001,23154.260000000002,4.32,0.4,0.4,Cloud Computing,Beginner,157.6
U0278,Swathi Pillai,36,Male,1,Explorers (Multi-Category Learners),17,8,1662.9958823529412,28270.93,4.205882352941177,0.8,0.588,Mobile Development,Advanced,62.1
U0279,Reyansh Singh,18,Female,2,Deep Specialists,8,1,1269.1425,10153.14,4.225,0.1,0.375,Digital Marketing,Beginner,133.4
U0280,Harini Nair,22,Female,1,Explorers (Multi-Category Learners),14,9,1582.6842857142858,22157.58,4.2,0.9,0.286,Cloud Computing,Beginner,65.3
U0281,Lakshmi Verma,38,Female,1,Explorers (Multi-Category Learners),14,7,1680.82,23531.48,4.078571428571428,0.7,0.393,Data Science,Beginner,75.6
U0282,Priya Das,27,Male,0,Premium / Career-Focused Learners,5,4,5220.128,26100.64,4.180000000000001,0.4,0.8,Design (UI/UX),Advanced,130.8
U0283,Ishaan Subramanian,32,Female,2,Deep Specialists,9,1,1887.0266666666664,16983.239999999998,4.199999999999999,0.1,0.611,Cloud Computing,Advanced,69.1
U0284,Diya Mishra,32,Male,2,Deep Specialists,9,1,1901.841111111111,17116.57,4.199999999999999,0.1,0.222,Finance & Accounting,Beginner,83.0
U0285,Kavya Kapoor,17,Male,1,Explorers (Multi-Category Learners),18,8,2320.0844444444447,41761.520000000004,4.188888888888889,0.8,0.333,Data Science,Beginner,57.3
U0286,Sanjay Das,25,Male,1,Explorers (Multi-Category Learners),14,6,1320.8178571428573,18491.45,4.2785714285714285,0.6,0.286,Web Development,Beginner,74.7
U0287,Swathi Gupta,44,Female,1,Explorers (Multi-Category Learners),17,10,1330.0829411764705,22611.41,4.047058823529412,1.0,0.412,AI & Machine Learning,Intermediate,62.1
U0288,Rohan Pillai,43,Male,1,Explorers (Multi-Category Learners),12,8,2372.6516666666666,28471.82,4.258333333333334,0.8,0.5,Finance & Accounting,Beginner,85.8
U0289,Sai Gupta,22,Female,2,Deep Specialists,8,1,1285.075,10280.6,4.075,0.1,0.625,Cloud Computing,Intermediate,128.4
U0290,Pooja Pillai,32,Female,1,Explorers (Multi-Category Learners),10,8,2043.4350000000002,20434.350000000002,4.11,0.8,0.45,Digital Marketing,Beginner,90.3
U0291,Neha Bose,19,Male,2,Deep Specialists,5,1,1557.36,7786.799999999999,4.04,0.1,0.3,Mobile Development,Beginner,98.4
U0292,Gokul Krishnan,36,Female,1,Explorers (Multi-Category Learners),17,9,1527.73,25971.41,4.205882352941177,0.9,0.353,Finance & Accounting,Beginner,61.1
U0293,Vikram Patel,44,Male,1,Explorers (Multi-Category Learners),12,7,1267.8341666666665,15214.009999999998,4.233333333333333,0.7,0.417,AI & Machine Learning,Beginner,72.2
U0294,Diya Das,43,Male,1,Explorers (Multi-Category Learners),15,9,1268.1719999999998,19022.579999999998,4.213333333333333,0.9,0.367,Web Development,Beginner,66.3
U0295,Aadhya Kumar,20,Male,2,Deep Specialists,8,1,1103.91625,8831.33,4.25,0.1,0.562,Data Science,Advanced,115.2
U0296,Anika Patel,35,Male,2,Deep Specialists,4,1,2351.7825000000003,9407.130000000001,4.25,0.1,0.5,Design (UI/UX),Intermediate,148.0
U0297,Kavya Chopra,42,Female,2,Deep Specialists,7,1,1417.422857142857,9921.96,4.114285714285714,0.1,0.286,Digital Marketing,Beginner,144.3
U0298,Aarav Mishra,19,Male,2,Deep Specialists,5,1,860.848,4304.24,4.12,0.1,0.5,Cloud Computing,Advanced,138.0
U0299,Aarohi Subramanian,35,Female,2,Deep Specialists,4,1,1174.8700000000001,4699.4800000000005,4.175,0.1,0.75,Design (UI/UX),Advanced,261.0
U0300,Vikram Chopra,36,Female,1,Explorers (Multi-Category Learners),9,5,1591.7511111111112,14325.76,4.077777777777778,0.5,0.333,Data Science,Intermediate,83.7
U0301,Vikram Raman,23,Female,1,Explorers (Multi-Category Learners),11,7,919.27,10111.97,4.345454545454545,0.7,0.455,Design (UI/UX),Beginner,58.6
U0302,Riya Pillai,36,Female,0,Premium / Career-Focused Learners,3,3,4309.366666666666,12928.099999999999,4.5,0.3,0.5,Finance & Accounting,Beginner,82.7
U0303,Suresh Das,25,Female,2,Deep Specialists,5,1,1565.968,7829.84,4.279999999999999,0.1,0.8,Cloud Computing,Advanced,143.8
U0304,Kiran Mishra,17,Male,1,Explorers (Multi-Category Learners),11,7,1014.5727272727272,11160.3,4.127272727272727,0.7,0.455,Cloud Computing,Intermediate,86.3
U0305,Kiran Patel,24,Male,0,Premium / Career-Focused Learners,4,3,5294.415,21177.66,4.25,0.3,0.625,Digital Marketing,Advanced,204.5
U0306,Naveen Raman,23,Female,0,Premium / Career-Focused Learners,2,1,6562.51,13125.02,4.45,0.1,0.0,Finance & Accounting,Beginner,175.0
U0307,Ayaan Menon,34,Female,1,Explorers (Multi-Category Learners),8,6,2017.87,16142.96,4.0875,0.6,0.438,Data Science,Beginner,89.8
U0308,Sanjay Rao,24,Male,2,Deep Specialists,6,1,2356.6133333333332,14139.68,3.966666666666667,0.1,0.333,AI & Machine Learning,Beginner,129.7
U0309,Saanvi Menon,17,Male,2,Deep Specialists,4,1,307.265,1229.06,3.975,0.1,0.875,Cloud Computing,Advanced,53.0
U0310,Arun Gupta,27,Male,2,Deep Specialists,7,1,1176.5928571428574,8236.150000000001,4.285714285714286,0.1,0.643,Data Science,Advanced,114.7
U0311,Swathi Mishra,44,Female,1,Explorers (Multi-Category Learners),18,9,941.8494444444445,16953.29,4.205555555555556,0.9,0.361,Business Analytics,Beginner,49.9
U0312,Harini Singh,41,Male,1,Explorers (Multi-Category Learners),17,9,2112.1635294117646,35906.78,4.235294117647059,0.9,0.529,Digital Marketing,Intermediate,59.9
U0313,Reyansh Menon,41,Male,2,Deep Specialists,5,1,1756.818,8784.09,4.04,0.1,0.3,Mobile Development,Beginner,130.0
U0314,Pihu Sharma,34,Male,2,Deep Specialists,7,1,2603.7657142857142,18226.36,4.385714285714285,0.1,0.643,Cloud Computing,Intermediate,130.9
U0315,Kavya Verma,39,Male,0,Premium / Career-Focused Learners,4,4,4041.8725,16167.49,4.175000000000001,0.4,0.5,Cloud Computing,Intermediate,225.8
U0316,Riya Reddy,26,Female,2,Deep Specialists,5,1,2607.8540000000003,13039.27,4.18,0.1,0.6,Design (UI/UX),Advanced,125.2
U0317,Vikram Nair,19,Male,1,Explorers (Multi-Category Learners),19,7,2333.1136842105266,44329.16,4.173684210526315,0.7,0.474,Finance & Accounting,Beginner,53.7
U0318,Aarav Bose,23,Female,2,Deep Specialists,5,1,2299.554,11497.77,4.04,0.1,0.3,Mobile Development,Beginner,91.8
U0319,Riya Das,44,Male,1,Explorers (Multi-Category Learners),19,9,2091.688947368421,39742.09,4.2894736842105265,0.9,0.605,Finance & Accounting,Advanced,57.6
U0320,Karthik Rao,32,Female,2,Deep Specialists,6,1,1568.9833333333333,9413.9,4.366666666666667,0.1,0.583,Business Analytics,Intermediate,159.8
U0321,Vivaan Gupta,42,Male,2,Deep Specialists,4,1,857.51,3430.04,4.3,0.1,0.125,Web Development,Beginner,207.2
U0322,Ishaan Reddy,32,Male,1,Explorers (Multi-Category Learners),17,9,1220.365294117647,20746.21,4.070588235294117,0.9,0.324,AI & Machine Learning,Beginner,54.5
U0323,Ayaan Chopra,41,Female,2,Deep Specialists,5,1,577.74,2888.7,4.16,0.1,0.7,Cloud Computing,Intermediate,90.6
U0324,Myra Mishra,36,Other,1,Explorers (Multi-Category Learners),10,8,2014.1290000000001,20141.29,4.26,0.8,0.5,Design (UI/UX),Intermediate,96.8
U0325,Divya Raman,44,Female,2,Deep Specialists,8,5,2230.255,17842.04,4.2375,0.5,0.312,Finance & Accounting,Beginner,131.2
U0326,Pooja Singh,33,Female,1,Explorers (Multi-Category Learners),15,8,1619.8586666666667,24297.88,4.213333333333333,0.8,0.367,Data Science,Intermediate,66.9
U0327,Gokul Verma,18,Female,1,Explorers (Multi-Category Learners),19,8,1397.8284210526315,26558.739999999998,4.221052631578948,0.8,0.342,Finance & Accounting,Beginner,49.3
U0328,Gokul Nair,17,Male,0,Premium / Career-Focused Learners,3,3,4721.55,14164.65,4.0,0.3,0.333,Digital Marketing,Beginner,291.7
U0329,Aadhya Menon,32,Other,2,Deep Specialists,6,1,1949.0366666666666,11694.22,4.25,0.1,0.417,Digital Marketing,Beginner,107.3
U0330,Ananya Pillai,28,Male,1,Explorers (Multi-Category Learners),17,8,1322.1035294117646,22475.76,4.147058823529412,0.8,0.324,Data Science,Beginner,60.9
U0331,Diya Chopra,21,Female,2,Deep Specialists,5,1,3145.466,15727.33,4.18,0.1,0.4,Cloud Computing,Beginner,158.4
U0332,Arjun Rao,21,Female,1,Explorers (Multi-Category Learners),13,8,1073.67,13957.710000000001,4.161538461538462,0.8,0.423,Finance & Accounting,Beginner,69.3
U0333,Aarav Subramanian,43,Female,0,Premium / Career-Focused Learners,4,4,6168.505,24674.02,4.45,0.4,0.75,Business Analytics,Intermediate,195.0
U0334,Pooja Kapoor,39,Female,2,Deep Specialists,5,1,2088.112,10440.56,4.1,0.1,0.2,AI & Machine Learning,Beginner,171.0
U0335,Arun Singh,25,Male,0,Premium / Career-Focused Learners,4,4,3880.795,15523.18,4.45,0.4,0.375,Finance & Accounting,Beginner,124.5
U0336,Riya Singh,25,Female,1,Explorers (Multi-Category Learners),13,6,942.8176923076923,12256.63,4.053846153846154,0.6,0.231,Web Development,Beginner,71.0
U0337,Neha Iyer,19,Male,2,Deep Specialists,9,1,1148.0233333333333,10332.21,4.155555555555555,0.1,0.667,Design (UI/UX),Advanced,120.7
U0338,Swathi Menon,35,Female,2,Deep Specialists,8,1,993.0425,7944.34,4.15,0.1,0.688,Data Science,Advanced,94.4
U0339,Sneha Nair,32,Female,0,Premium / Career-Focused Learners,4,4,4546.2075,18184.83,4.275,0.4,0.375,Finance & Accounting,Intermediate,189.5
U0340,Ishaan Gupta,32,Male,1,Explorers (Multi-Category Learners),13,7,1533.3330769230768,19933.329999999998,4.069230769230769,0.7,0.385,Data Science,Beginner,77.5
U0341,Ishaan Iyer,19,Female,1,Explorers (Multi-Category Learners),10,6,2195.9280000000003,21959.280000000002,4.029999999999999,0.6,0.5,Finance & Accounting,Beginner,101.1
U0342,Pihu Kapoor,36,Female,0,Premium / Career-Focused Learners,5,4,6214.116,31070.58,4.46,0.4,0.1,Finance & Accounting,Beginner,144.8
U0343,Pooja Nair,40,Female,2,Deep Specialists,5,1,2611.246,13056.23,4.14,0.1,0.5,AI & Machine Learning,Intermediate,176.4
U0344,Meera Gupta,38,Female,1,Explorers (Multi-Category Learners),18,8,1872.3527777777776,33702.35,4.138888888888889,0.8,0.444,Design (UI/UX),Beginner,55.8
U0345,Deepak Chopra,40,Male,1,Explorers (Multi-Category Learners),11,7,1834.0327272727272,20174.36,4.2727272727272725,0.7,0.455,Data Science,Intermediate,78.5
U0346,Sai Kapoor,17,Male,0,Premium / Career-Focused Learners,3,3,5041.796666666666,15125.39,4.133333333333334,0.3,0.167,Mobile Development,Beginner,114.0
U0347,Aditya Subramanian,40,Female,1,Explorers (Multi-Category Learners),10,6,1206.465,12064.65,4.42,0.6,0.45,Data Science,Intermediate,77.0
U0348,Rohan Kapoor,36,Male,2,Deep Specialists,8,1,2378.50375,19028.03,4.1875,0.1,0.75,Design (UI/UX),Advanced,61.0
U0349,Anika Sharma,27,Female,0,Premium / Career-Focused Learners,2,2,4891.09,9782.18,4.45,0.2,0.25,Digital Marketing,Beginner,35.0
U0350,Vihaan Gupta,33,Male,1,Explorers (Multi-Category Learners),8,5,2342.6775,18741.42,4.275,0.5,0.312,Data Science,Beginner,130.9
U0351,Arun Kumar,24,Male,2,Deep Specialists,5,1,1681.3440000000003,8406.720000000001,4.279999999999999,0.1,0.4,Cybersecurity,Intermediate,200.6
U0352,Ananya Patel,20,Female,1,Explorers (Multi-Category Learners),16,9,1465.2,23443.2,4.15625,0.9,0.438,Business Analytics,Beginner,54.1
U0353,Riya Krishnan,22,Female,1,Explorers (Multi-Category Learners),17,9,1375.1288235294116,23377.19,4.258823529411765,0.9,0.412,Cloud Computing,Beginner,54.3
U0354,Kiran Verma,24,Male,0,Premium / Career-Focused Learners,5,5,5688.486,28442.43,4.38,0.5,0.3,Data Science,Intermediate,210.0
U0355,Meera Mishra,36,Female,0,Premium / Career-Focused Learners,3,3,4899.98,14699.939999999999,4.166666666666667,0.3,0.5,AI & Machine Learning,Advanced,189.7
U0356,Vivaan Menon,19,Male,2,Deep Specialists,4,1,1046.3200000000002,4185.280000000001,4.0,0.1,0.5,Cloud Computing,Intermediate,178.8
U0357,Manoj Kumar,32,Male,2,Deep Specialists,7,1,1286.1828571428573,9003.28,4.271428571428571,0.1,0.286,Finance & Accounting,Beginner,132.9
U0358,Gokul Das,41,Male,1,Explorers (Multi-Category Learners),9,6,1480.3522222222223,13323.17,4.233333333333333,0.6,0.389,Mobile Development,Beginner,97.1
U0359,Pooja Verma,19,Male,1,Explorers (Multi-Category Learners),19,9,1516.891052631579,28820.93,4.205263157894737,0.9,0.447,Data Science,Intermediate,48.8
U0360,Aadhya Gupta,41,Male,1,Explorers (Multi-Category Learners),12,8,1366.1883333333335,16394.260000000002,4.266666666666667,0.8,0.333,Data Science,Beginner,68.2
U0361,Riya Raman,34,Female,1,Explorers (Multi-Category Learners),19,9,2330.920526315789,44287.49,4.126315789473685,0.9,0.368,Finance & Accounting,Beginner,46.2
U0362,Vihaan Kapoor,30,Female,1,Explorers (Multi-Category Learners),16,10,2006.439375,32103.03,4.06875,1.0,0.469,Business Analytics,Beginner,65.1
U0363,Aarohi Rao,34,Male,1,Explorers (Multi-Category Learners),16,9,1564.895,25038.32,4.0625,0.9,0.406,Design (UI/UX),Beginner,58.4
U0364,Pihu Chopra,18,Female,1,Explorers (Multi-Category Learners),19,10,1445.7536842105262,27469.32,4.221052631578948,1.0,0.553,Data Science,Advanced,54.9
U0365,Priya Iyer,38,Female,2,Deep Specialists,10,4,1580.574,15805.74,4.21,0.4,0.4,Cloud Computing,Intermediate,98.9
U0366,Neha Nair,19,Male,2,Deep Specialists,5,1,1569.5,7847.5,4.18,0.1,0.8,Data Science,Advanced,146.4
U0367,Ishaan Das,32,Female,0,Premium / Career-Focused Learners,4,4,2874.1625,11496.65,4.725,0.4,0.625,Cloud Computing,Intermediate,123.5
U0368,Arun Das,25,Other,1,Explorers (Multi-Category Learners),19,8,1300.2573684210527,24704.89,4.11578947368421,0.8,0.342,Cloud Computing,Beginner,47.0
U0369,Aarohi Raman,20,Male,0,Premium / Career-Focused Learners,3,3,5491.599999999999,16474.8,3.9333333333333336,0.3,0.5,Finance & Accounting,Beginner,201.3
U0370,Divya Menon,17,Male,0,Premium / Career-Focused Learners,4,4,4507.11,18028.44,4.225,0.4,0.5,AI & Machine Learning,Intermediate,238.2
U0371,Krishna Iyer,20,Female,1,Explorers (Multi-Category Learners),11,6,1861.3627272727272,20474.989999999998,4.118181818181818,0.6,0.318,Cybersecurity,Beginner,77.0
U0372,Karthik Mishra,17,Female,0,Premium / Career-Focused Learners,5,5,6115.4980000000005,30577.49,4.5600000000000005,0.5,0.6,Design (UI/UX),Advanced,33.2
U0373,Swathi Bose,30,Male,2,Deep Specialists,4,1,2728.0874999999996,10912.349999999999,4.1,0.1,0.5,Cloud Computing,Intermediate,123.2
U0374,Karthik Chopra,37,Female,2,Deep Specialists,8,1,2001.3187500000001,16010.550000000001,4.1,0.1,0.625,Design (UI/UX),Advanced,121.9
U0375,Sanjay Krishnan,32,Female,1,Explorers (Multi-Category Learners),15,10,1183.6093333333333,17754.14,4.113333333333333,1.0,0.5,Digital Marketing,Beginner,65.1
U0376,Saanvi Pillai,36,Female,2,Deep Specialists,7,1,2364.4399999999996,16551.079999999998,4.085714285714286,0.1,0.786,Design (UI/UX),Advanced,124.0
U0377,Lakshmi Krishnan,40,Female,1,Explorers (Multi-Category Learners),14,6,1651.2549999999999,23117.57,4.4,0.6,0.571,Digital Marketing,Advanced,71.2
U0378,Myra Subramanian,24,Female,2,Deep Specialists,7,1,1514.4214285714286,10600.95,4.171428571428572,0.1,0.286,AI & Machine Learning,Intermediate,140.3
U0379,Arun Krishnan,23,Male,2,Deep Specialists,4,1,1605.155,6420.62,4.025,0.1,0.625,Design (UI/UX),Advanced,200.0
U0380,Divya Reddy,19,Male,2,Deep Specialists,6,1,1870.9116666666666,11225.47,4.4,0.1,0.417,Business Analytics,Intermediate,100.7
U0381,Vikram Verma,33,Female,2,Deep Specialists,9,1,2953.641111111111,26582.77,4.199999999999999,0.1,0.222,Finance & Accounting,Beginner,105.2
U0382,Swathi Patel,17,Female,2,Deep Specialists,6,1,921.3183333333333,5527.91,4.166666666666667,0.1,0.167,Web Development,Beginner,107.7
U0383,Reyansh Raman,32,Male,1,Explorers (Multi-Category Learners),15,6,2492.7066666666665,37390.6,4.2,0.6,0.233,Cloud Computing,Beginner,58.7
U0384,Reyansh Mishra,28,Female,1,Explorers (Multi-Category Learners),14,8,1721.0264285714288,24094.370000000003,4.185714285714286,0.8,0.464,AI & Machine Learning,Beginner,70.2
U0385,Neha Sharma,43,Female,0,Premium / Career-Focused Learners,3,3,5435.8,16307.4,4.133333333333334,0.3,0.5,Cloud Computing,Intermediate,76.3
U0386,Meera Iyer,35,Male,1,Explorers (Multi-Category Learners),16,7,2359.986875,37759.79,3.98125,0.7,0.344,Finance & Accounting,Beginner,63.4
U0387,Divya Patel,38,Female,1,Explorers (Multi-Category Learners),13,9,1273.8623076923077,16560.21,4.053846153846154,0.9,0.269,Finance & Accounting,Beginner,73.9
U0388,Aditya Kapoor,39,Female,1,Explorers (Multi-Category Learners),17,10,2158.760588235294,36698.93,4.264705882352941,1.0,0.441,Design (UI/UX),Beginner,50.9
U0389,Reyansh Nair,38,Female,1,Explorers (Multi-Category Learners),14,8,1348.695714285714,18881.739999999998,4.207142857142857,0.8,0.357,Business Analytics,Intermediate,59.4
U0390,Vivaan Singh,30,Female,0,Premium / Career-Focused Learners,5,4,5702.174,28510.87,4.34,0.4,0.4,Finance & Accounting,Beginner,130.2
U0391,Naveen Kumar,22,Male,2,Deep Specialists,5,1,983.4,4917.0,4.0,0.1,0.1,Web Development,Beginner,192.8
U0392,Aarohi Mishra,22,Female,0,Premium / Career-Focused Learners,5,5,5491.273999999999,27456.37,4.24,0.5,0.3,Data Science,Intermediate,109.0
U0393,Diya Rao,29,Male,2,Deep Specialists,6,1,2084.8483333333334,12509.09,4.4,0.1,0.583,Business Analytics,Intermediate,133.2
U0394,Gokul Pillai,35,Male,2,Deep Specialists,6,1,863.9433333333333,5183.66,4.066666666666666,0.1,0.167,Web Development,Beginner,98.5
U0395,Vikram Bose,38,Female,1,Explorers (Multi-Category Learners),14,9,1150.8592857142855,16112.029999999999,4.078571428571428,0.9,0.321,Data Science,Beginner,66.4
U0396,Pooja Kumar,24,Male,2,Deep Specialists,4,1,1125.935,4503.74,4.35,0.1,0.625,Data Science,Advanced,224.8
U0397,Swathi Singh,43,Male,1,Explorers (Multi-Category Learners),12,7,2136.52,25638.239999999998,4.233333333333333,0.7,0.417,Data Science,Intermediate,80.8
U0398,Lakshmi Kumar,43,Female,0,Premium / Career-Focused Learners,4,4,5298.22,21192.88,4.55,0.4,0.25,Cloud Computing,Beginner,228.5
U0399,Riya Sharma,18,Male,0,Premium / Career-Focused Learners,4,4,4031.71,16126.84,4.275,0.4,0.375,Design (UI/UX),Beginner,157.2
U0400,Vivaan Kapoor,37,Male,1,Explorers (Multi-Category Learners),13,7,1187.843076923077,15441.960000000001,4.246153846153846,0.7,0.462,Data Science,Beginner,79.2
U0401,Vikram Singh,17,Female,0,Premium / Career-Focused Learners,2,2,5844.719999999999,11689.439999999999,4.4,0.2,0.0,Finance & Accounting,Beginner,37.0
U0402,Myra Kapoor,44,Female,0,Premium / Career-Focused Learners,3,3,5336.393333333333,16009.18,4.433333333333334,0.3,0.333,Data Science,Intermediate,251.7
U0403,Saanvi Kapoor,31,Male,2,Deep Specialists,4,1,2222.6375,8890.55,4.0,0.1,0.375,Mobile Development,Beginner,101.2
U0404,Aditya Bose,17,Female,1,Explorers (Multi-Category Learners),18,9,1275.4055555555556,22957.3,4.133333333333333,0.9,0.278,AI & Machine Learning,Beginner,56.2
U0405,Suresh Reddy,21,Male,2,Deep Specialists,4,1,2256.2675,9025.07,4.45,0.1,0.375,Digital Marketing,Beginner,246.2
U0406,Sai Singh,44,Female,2,Deep Specialists,7,1,2820.6585714285716,19744.61,4.128571428571428,0.1,0.214,Finance & Accounting,Beginner,108.1
U0407,Diya Menon,32,Female,1,Explorers (Multi-Category Learners),10,8,1818.2599999999998,18182.6,4.14,0.8,0.65,Business Analytics,Advanced,99.5
U0408,Krishna Chopra,35,Other,1,Explorers (Multi-Category Learners),16,9,1543.9125,24702.6,4.18125,0.9,0.531,Finance & Accounting,Advanced,66.1
U0409,Suresh Mishra,20,Female,0,Premium / Career-Focused Learners,4,4,4479.79,17919.16,4.325,0.4,0.5,Design (UI/UX),Intermediate,174.0
U0410,Suresh Iyer,19,Female,1,Explorers (Multi-Category Learners),16,9,1598.423125,25574.77,4.175,0.9,0.469,Data Science,Beginner,63.8
U0411,Meera Sharma,33,Female,2,Deep Specialists,5,1,1634.6779999999999,8173.389999999999,4.279999999999999,0.1,0.4,Cybersecurity,Intermediate,98.4
U0412,Ayaan Raman,33,Male,2,Deep Specialists,2,2,3079.76,6159.52,4.2,0.2,0.25,Design (UI/UX),Intermediate,107.5
U0413,Suresh Gupta,28,Male,0,Premium / Career-Focused Learners,4,3,4351.985,17407.94,4.225,0.3,0.5,Digital Marketing,Beginner,226.2
U0414,Suresh Nair,44,Female,1,Explorers (Multi-Category Learners),11,6,2938.0981818181817,32319.079999999998,4.2727272727272725,0.6,0.455,Design (UI/UX),Beginner,73.6
U0415,Arjun Raman,30,Male,0,Premium / Career-Focused Learners,3,3,6321.2,18963.6,4.333333333333333,0.3,0.333,Data Science,Intermediate,229.0
U0416,Ayaan Reddy,37,Female,1,Explorers (Multi-Category Learners),16,9,1736.560625,27784.97,4.36875,0.9,0.5,Cybersecurity,Intermediate,50.2
U0417,Aditya Verma,22,Male,1,Explorers (Multi-Category Learners),15,8,792.2386666666666,11883.58,3.9466666666666668,0.8,0.4,Data Science,Beginner,62.5
U0418,Pihu Das,19,Female,2,Deep Specialists,7,1,625.79,4380.53,4.1,0.1,0.714,Cloud Computing,Advanced,127.9
U0419,Krishna Krishnan,44,Male,1,Explorers (Multi-Category Learners),10,7,1592.7620000000002,15927.62,4.16,0.7,0.55,Business Analytics,Advanced,76.6
U0420,Sanjay Subramanian,25,Male,1,Explorers (Multi-Category Learners),18,10,1790.8777777777777,32235.8,4.199999999999999,1.0,0.361,Data Science,Beginner,47.8
U0421,Swathi Reddy,21,Female,2,Deep Specialists,4,1,1574.3875,6297.55,4.25,0.1,0.375,Business Analytics,Beginner,158.5
U0422,Priya Nair,40,Male,1,Explorers (Multi-Category Learners),18,7,1933.1950000000002,34797.51,4.300000000000001,0.7,0.333,Business Analytics,Beginner,60.4
U0423,Vikram Kapoor,33,Female,1,Explorers (Multi-Category Learners),19,8,1500.9963157894738,28518.93,4.268421052631578,0.8,0.342,Finance & Accounting,Beginner,54.9
U0424,Priya Gupta,30,Male,2,Deep Specialists,7,1,1846.6714285714286,12926.7,4.314285714285714,0.1,0.571,Data Science,Advanced,76.6
U0425,Aditya Kumar,37,Male,0,Premium / Career-Focused Learners,2,2,6608.514999999999,13217.029999999999,4.2,0.2,0.75,Cybersecurity,Intermediate,344.0
U0426,Aadhya Raman,19,Female,2,Deep Specialists,5,1,1637.352,8186.76,4.24,0.1,0.2,Finance & Accounting,Beginner,107.8
U0427,Suresh Chopra,44,Male,1,Explorers (Multi-Category Learners),9,6,851.5933333333334,7664.34,4.266666666666667,0.6,0.556,AI & Machine Learning,Intermediate,108.1
U0428,Naveen Verma,17,Female,2,Deep Specialists,5,1,2102.79,10513.95,4.04,0.1,0.3,Mobile Development,Beginner,152.0
U0429,Aadhya Kapoor,36,Female,1,Explorers (Multi-Category Learners),18,8,1647.4805555555556,29654.65,4.122222222222223,0.8,0.389,AI & Machine Learning,Intermediate,57.1
U0430,Karthik Pillai,37,Female,1,Explorers (Multi-Category Learners),16,8,1878.43125,30054.9,4.0625,0.8,0.656,Data Science,Advanced,63.1
U0431,Krishna Bose,39,Female,0,Premium / Career-Focused Learners,3,3,6723.05,20169.15,4.633333333333334,0.3,0.333,Cybersecurity,Intermediate,269.3
U0432,Aadhya Iyer,17,Female,1,Explorers (Multi-Category Learners),13,8,1899.436923076923,24692.68,4.2,0.8,0.385,AI & Machine Learning,Intermediate,82.5
U0433,Kiran Menon,19,Female,1,Explorers (Multi-Category Learners),18,7,1777.556111111111,31996.01,4.227777777777778,0.7,0.361,AI & Machine Learning,Beginner,54.4
U0434,Myra Patel,34,Male,2,Deep Specialists,7,1,1740.3400000000001,12182.380000000001,4.214285714285714,0.1,0.571,Cloud Computing,Intermediate,78.0
U0435,Ishaan Kapoor,41,Male,2,Deep Specialists,7,1,938.9342857142856,6572.539999999999,4.128571428571428,0.1,0.143,Web Development,Beginner,97.7
U0436,Diya Nair,26,Male,2,Deep Specialists,5,1,1970.5120000000002,9852.560000000001,4.279999999999999,0.1,0.3,Digital Marketing,Beginner,202.6
U0437,Vihaan Reddy,38,Male,1,Explorers (Multi-Category Learners),11,7,1763.8354545454545,19402.19,4.263636363636364,0.7,0.636,Data Science,Advanced,82.2
U0438,Rohan Sharma,42,Female,1,Explorers (Multi-Category Learners),12,8,2196.4925,26357.91,4.108333333333333,0.8,0.458,Digital Marketing,Beginner,81.9
U0439,Diya Gupta,19,Female,1,Explorers (Multi-Category Learners),11,7,2030.1872727272728,22332.06,4.163636363636363,0.7,0.273,Data Science,Beginner,96.5
U0440,Vivaan Reddy,24,Male,1,Explorers (Multi-Category Learners),10,5,1466.406,14664.06,4.13,0.5,0.55,AI & Machine Learning,Advanced,100.4
U0441,Priya Mishra,30,Male,2,Deep Specialists,6,1,1222.0283333333334,7332.17,4.1499999999999995,0.1,0.083,Web Development,Beginner,123.8
U0442,Ayaan Iyer,40,Male,0,Premium / Career-Focused Learners,5,5,5076.9800000000005,25384.9,4.4,0.5,0.4,Cybersecurity,Intermediate,208.6
U0443,Swathi Nair,34,Female,2,Deep Specialists,5,1,1954.092,9770.460000000001,4.0600000000000005,0.1,0.5,Data Science,Beginner,165.0
U0444,Pooja Mishra,31,Female,0,Premium / Career-Focused Learners,2,2,5666.915,11333.83,4.35,0.2,0.25,Mobile Development,Beginner,431.5
U0445,Aditya Mishra,38,Male,2,Deep Specialists,7,1,1020.8771428571429,7146.14,4.128571428571428,0.1,0.143,Web Development,Beginner,120.6
U0446,Arjun Iyer,39,Female,2,Deep Specialists,5,1,1919.97,9599.85,4.04,0.1,0.3,Mobile Development,Beginner,79.2
U0447,Manoj Singh,18,Female,1,Explorers (Multi-Category Learners),13,8,1222.896923076923,15897.66,4.076923076923077,0.8,0.462,Data Science,Beginner,61.6
U0448,Harini Subramanian,43,Male,2,Deep Specialists,5,1,1418.196,7090.98,4.04,0.1,0.3,Mobile Development,Beginner,144.6
U0449,Sneha Raman,26,Female,2,Deep Specialists,8,1,2004.06375,16032.51,4.225,0.1,0.375,Digital Marketing,Beginner,84.0
U0450,Karthik Raman,18,Female,1,Explorers (Multi-Category Learners),8,7,1939.2425,15513.94,4.3875,0.7,0.438,Cloud Computing,Beginner,108.1
U0451,Meera Subramanian,42,Male,1,Explorers (Multi-Category Learners),18,7,1031.9722222222222,18575.5,4.15,0.7,0.556,Cloud Computing,Advanced,56.6
U0452,Reyansh Patel,33,Male,0,Premium / Career-Focused Learners,5,5,5302.4,26512.0,4.36,0.5,0.6,Digital Marketing,Advanced,98.2
U0453,Sneha Patel,24,Male,1,Explorers (Multi-Category Learners),14,7,1231.9657142857143,17247.52,4.164285714285714,0.7,0.429,Data Science,Beginner,74.9
U0454,Anika Kumar,17,Male,1,Explorers (Multi-Category Learners),13,9,1095.4838461538461,14241.29,4.269230769230769,0.9,0.462,Business Analytics,Beginner,78.0
U0455,Sai Iyer,25,Female,2,Deep Specialists,6,1,2177.72,13066.32,3.8166666666666664,0.1,0.333,AI & Machine Learning,Beginner,96.7
U0456,Ayaan Subramanian,27,Female,0,Premium / Career-Focused Learners,4,4,5195.385,20781.54,4.475,0.4,0.125,Finance & Accounting,Beginner,205.8
U0457,Naveen Nair,38,Male,2,Deep Specialists,9,1,2359.084444444444,21231.76,4.199999999999999,0.1,0.222,Finance & Accounting,Beginner,105.6
U0458,Aadhya Reddy,32,Male,2,Deep Specialists,4,1,1445.985,5783.94,4.0,0.1,0.375,Mobile Development,Beginner,265.0
U0459,Kiran Kumar,23,Male,1,Explorers (Multi-Category Learners),18,8,1157.1144444444444,20828.059999999998,4.133333333333334,0.8,0.444,Cloud Computing,Beginner,57.3
U0460,Lakshmi Pillai,26,Male,2,Deep Specialists,9,1,1400.6344444444444,12605.71,4.211111111111111,0.1,0.556,Cloud Computing,Intermediate,100.6
U0461,Gokul Kapoor,39,Female,1,Explorers (Multi-Category Learners),10,5,2135.814,21358.14,4.12,0.5,0.4,Cloud Computing,Intermediate,88.9
U0462,Kiran Sharma,42,Male,0,Premium / Career-Focused Learners,4,4,5181.8375,20727.35,4.3,0.4,0.375,Digital Marketing,Beginner,144.0
U0463,Harini Gupta,19,Male,2,Deep Specialists,7,1,1362.777142857143,9539.44,4.128571428571428,0.1,0.143,Web Development,Beginner,84.9
U0464,Vihaan Rao,34,Male,1,Explorers (Multi-Category Learners),9,6,1612.0877777777778,14508.789999999999,4.111111111111111,0.6,0.611,Cloud Computing,Advanced,90.6
U0465,Karthik Kumar,41,Female,1,Explorers (Multi-Category Learners),10,7,1345.846,13458.46,4.13,0.7,0.2,Design (UI/UX),Beginner,98.4
U0466,Aarav Rao,40,Male,1,Explorers (Multi-Category Learners),14,7,1628.1321428571428,22793.85,4.0928571428571425,0.7,0.321,AI & Machine Learning,Beginner,71.0
U0467,Ishaan Bose,29,Female,1,Explorers (Multi-Category Learners),9,7,1467.8366666666668,13210.53,4.033333333333333,0.7,0.389,Cybersecurity,Beginner,112.7
U0468,Sai Mishra,44,Male,1,Explorers (Multi-Category Learners),15,8,1579.8053333333335,23697.08,4.12,0.8,0.6,Data Science,Advanced,65.1
U0469,Rohan Bose,42,Female,2,Deep Specialists,9,1,2481.6033333333335,22334.43,4.199999999999999,0.1,0.222,Finance & Accounting,Beginner,89.1
U0470,Ananya Kapoor,23,Female,2,Deep Specialists,5,1,1972.792,9863.96,4.04,0.1,0.3,Mobile Development,Beginner,168.0
U0471,Harini Raman,41,Male,1,Explorers (Multi-Category Learners),12,9,1300.0049999999999,15600.06,4.058333333333334,0.9,0.292,Web Development,Beginner,82.9
U0472,Aadhya Mishra,20,Male,2,Deep Specialists,8,5,646.55875,5172.47,3.9375,0.5,0.438,Data Science,Beginner,80.5
U0473,Riya Bose,29,Female,1,Explorers (Multi-Category Learners),18,10,1411.6277777777777,25409.3,4.199999999999999,1.0,0.444,Digital Marketing,Beginner,48.9
U0474,Vikram Mishra,36,Female,0,Premium / Career-Focused Learners,3,2,6228.056666666666,18684.17,4.5,0.2,0.0,Finance & Accounting,Beginner,91.0
U0475,Pihu Verma,17,Male,1,Explorers (Multi-Category Learners),8,8,927.33875,7418.71,4.2875,0.8,0.438,Data Science,Intermediate,111.0
U0476,Aarav Menon,24,Male,2,Deep Specialists,9,1,1480.4811111111112,13324.33,4.033333333333333,0.1,0.333,AI & Machine Learning,Beginner,75.4
U0477,Pihu Menon,30,Female,0,Premium / Career-Focused Learners,2,1,6290.955,12581.91,4.55,0.1,0.25,Cloud Computing,Beginner,112.5
U0478,Riya Patel,32,Female,2,Deep Specialists,6,1,1844.8716666666667,11069.23,3.966666666666667,0.1,0.333,AI & Machine Learning,Beginner,162.0
U0479,Vikram Subramanian,30,Male,0,Premium / Career-Focused Learners,2,2,5619.82,11239.64,4.5,0.2,0.25,Cloud Computing,Beginner,185.5
U0480,Diya Reddy,28,Female,1,Explorers (Multi-Category Learners),14,6,1643.0564285714286,23002.79,4.228571428571429,0.6,0.464,Design (UI/UX),Beginner,76.9
U0481,Divya Chopra,35,Male,0,Premium / Career-Focused Learners,5,5,5339.0199999999995,26695.1,4.42,0.5,0.2,Cloud Computing,Beginner,162.8
U0482,Vihaan Raman,39,Female,1,Explorers (Multi-Category Learners),15,9,1052.394,15785.91,4.173333333333334,0.9,0.4,Data Science,Beginner,63.8
U0483,Arjun Patel,31,Male,1,Explorers (Multi-Category Learners),10,7,1014.8970000000002,10148.970000000001,4.11,0.7,0.4,Finance & Accounting,Beginner,94.8
U0484,Lakshmi Subramanian,44,Male,2,Deep Specialists,5,1,1781.172,8905.86,4.279999999999999,0.1,0.4,Cybersecurity,Intermediate,204.2
U0485,Priya Singh,18,Male,2,Deep Specialists,2,1,5114.8150000000005,10229.630000000001,4.0,0.1,0.0,Finance & Accounting,Beginner,160.0
U0486,Vihaan Patel,18,Female,0,Premium / Career-Focused Learners,2,2,5040.43,10080.86,4.15,0.2,0.0,Digital Marketing,Beginner,129.5
U0487,Reyansh Pillai,39,Male,1,Explorers (Multi-Category Learners),16,8,1325.154375,21202.47,4.25625,0.8,0.531,Design (UI/UX),Advanced,60.7
U0488,Pihu Patel,38,Male,1,Explorers (Multi-Category Learners),14,8,1359.8214285714287,19037.5,4.2,0.8,0.357,Digital Marketing,Beginner,65.7
U0489,Manoj Mishra,35,Male,0,Premium / Career-Focused Learners,2,2,6982.535,13965.07,4.15,0.2,0.5,Design (UI/UX),Advanced,28.0
U0490,Naveen Reddy,41,Male,1,Explorers (Multi-Category Learners),17,8,2152.926470588235,36599.75,4.135294117647058,0.8,0.353,AI & Machine Learning,Beginner,56.3
U0491,Saanvi Rao,42,Other,0,Premium / Career-Focused Learners,5,4,3914.19,19570.95,4.24,0.4,0.4,Finance & Accounting,Beginner,86.6
U0492,Harini Reddy,38,Male,0,Premium / Career-Focused Learners,2,2,3415.51,6831.02,4.45,0.2,0.5,Cloud Computing,Intermediate,168.0
U0493,Rohan Reddy,42,Female,2,Deep Specialists,8,1,1601.68625,12813.49,4.075,0.1,0.312,AI & Machine Learning,Beginner,127.5
U0494,Pooja Iyer,42,Female,1,Explorers (Multi-Category Learners),19,8,1842.2699999999998,35003.13,4.136842105263158,0.8,0.447,Web Development,Beginner,54.8
U0495,Pihu Gupta,38,Female,2,Deep Specialists,7,1,1975.7242857142858,13830.07,4.371428571428572,0.1,0.5,Business Analytics,Intermediate,95.3
U0496,Swathi Verma,33,Male,1,Explorers (Multi-Category Learners),12,8,1402.5183333333334,16830.22,4.175,0.8,0.375,Web Development,Beginner,74.6
U0497,Deepak Krishnan,36,Male,0,Premium / Career-Focused Learners,3,3,6356.696666666667,19070.09,4.166666666666667,0.3,0.667,AI & Machine Learning,Intermediate,15.0
U0498,Saanvi Patel,26,Male,2,Deep Specialists,8,1,1820.33,14562.64,4.225,0.1,0.375,Digital Marketing,Beginner,102.2
U0499,Harini Das,22,Male,2,Deep Specialists,2,2,3774.4350000000004,7548.870000000001,4.15,0.2,0.5,AI & Machine Learning,Advanced,21.5
U0500,Deepak Reddy,31,Male,1,Explorers (Multi-Category Learners),8,6,2853.73125,22829.85,4.275,0.6,0.625,AI & Machine Learning,Advanced,127.6
U0501,Vivaan Raman,38,Female,0,Premium / Career-Focused Learners,4,4,4911.43,19645.72,4.375,0.4,0.5,Data Science,Intermediate,194.2
U0502,Divya Subramanian,27,Male,2,Deep Specialists,8,1,1776.49375,14211.95,4.225,0.1,0.375,Digital Marketing,Beginner,128.9
U0503,Divya Singh,44,Male,1,Explorers (Multi-Category Learners),9,7,842.5066666666667,7582.56,4.377777777777777,0.7,0.278,Data Science,Beginner,99.8
U0504,Anika Kapoor,21,Female,1,Explorers (Multi-Category Learners),15,9,1841.218,27618.27,4.286666666666666,0.9,0.367,Design (UI/UX),Beginner,68.5
U0505,Ishaan Patel,17,Male,2,Deep Specialists,7,1,1232.6042857142857,8628.23,4.014285714285714,0.1,0.714,Cloud Computing,Advanced,143.1
U0506,Kiran Krishnan,24,Female,2,Deep Specialists,7,1,876.7914285714286,6137.54,4.128571428571428,0.1,0.143,Web Development,Beginner,133.3
U0507,Manoj Iyer,37,Female,0,Premium / Career-Focused Learners,5,5,5362.246,26811.23,4.62,0.5,0.4,Cloud Computing,Intermediate,114.6
U0508,Sneha Mishra,44,Male,1,Explorers (Multi-Category Learners),17,8,2037.4376470588236,34636.44,4.276470588235294,0.8,0.441,Business Analytics,Intermediate,52.2
U0509,Suresh Sharma,28,Female,1,Explorers (Multi-Category Learners),9,6,2430.4066666666668,21873.66,4.188888888888889,0.6,0.389,Cloud Computing,Beginner,104.4
U0510,Karthik Das,28,Female,2,Deep Specialists,9,1,1465.7277777777776,13191.55,4.033333333333333,0.1,0.333,AI & Machine Learning,Beginner,103.7
U0511,Sanjay Mishra,21,Female,1,Explorers (Multi-Category Learners),12,9,1968.1775,23618.13,4.1000000000000005,0.9,0.417,Design (UI/UX),Beginner,83.8
U0512,Harini Krishnan,23,Male,2,Deep Specialists,7,1,2000.8285714285716,14005.800000000001,4.128571428571428,0.1,0.786,Data Science,Advanced,101.9
U0513,Myra Chopra,20,Male,0,Premium / Career-Focused Learners,5,5,5090.382,25451.91,4.46,0.5,0.4,Digital Marketing,Beginner,189.8
U0514,Aarohi Singh,22,Female,0,Premium / Career-Focused Learners,5,5,5344.88,26724.4,4.54,0.5,0.2,Digital Marketing,Beginner,174.6
U0515,Arun Menon,29,Male,0,Premium / Career-Focused Learners,2,2,4405.11,8810.22,4.1,0.2,0.75,Cloud Computing,Intermediate,223.0
U0516,Pooja Raman,36,Male,0,Premium / Career-Focused Learners,4,3,5846.9975,23387.99,4.2,0.3,0.25,Cloud Computing,Intermediate,253.5
U0517,Priya Rao,31,Male,1,Explorers (Multi-Category Learners),17,9,1284.0905882352943,21829.54,4.170588235294118,0.9,0.5,Cloud Computing,Beginner,49.7
U0518,Vivaan Das,19,Female,2,Deep Specialists,5,1,1466.3539999999998,7331.7699999999995,4.04,0.1,0.3,Mobile Development,Beginner,185.4
U0519,Ayaan Singh,39,Male,2,Deep Specialists,6,1,1786.305,10717.83,4.266666666666667,0.1,0.417,Digital Marketing,Beginner,77.8
U0520,Sai Rao,24,Female,0,Premium / Career-Focused Learners,3,3,3737.9300000000003,11213.79,4.366666666666667,0.3,0.5,Cybersecurity,Intermediate,299.3
U0521,Myra Raman,36,Female,1,Explorers (Multi-Category Learners),13,9,1626.2761538461539,21141.59,4.246153846153846,0.9,0.538,Cloud Computing,Advanced,79.6
U0522,Naveen Sharma,32,Female,2,Deep Specialists,5,1,2509.892,12549.46,3.7399999999999998,0.1,0.4,AI & Machine Learning,Intermediate,152.0
U0523,Divya Iyer,29,Other,1,Explorers (Multi-Category Learners),16,7,1416.1299999999999,22658.079999999998,4.3875,0.7,0.281,Web Development,Beginner,65.9
U0524,Arun Reddy,34,Female,2,Deep Specialists,6,1,2903.043333333333,17418.26,4.3,0.1,0.25,Finance & Accounting,Beginner,94.2
U0525,Gokul Sharma,44,Female,0,Premium / Career-Focused Learners,2,2,6075.66,12151.32,4.7,0.2,0.75,Digital Marketing,Advanced,86.5
U0526,Sai Sharma,26,Male,0,Premium / Career-Focused Learners,5,4,3392.368,16961.84,4.5,0.4,0.2,Finance & Accounting,Beginner,93.8
U0527,Anika Menon,35,Female,1,Explorers (Multi-Category Learners),14,8,1011.3678571428571,14159.15,4.207142857142857,0.8,0.464,Design (UI/UX),Intermediate,72.4
U0528,Ishaan Chopra,33,Male,0,Premium / Career-Focused Learners,5,5,4023.1200000000003,20115.600000000002,4.42,0.5,0.6,Digital Marketing,Advanced,119.2
U0529,Ayaan Das,40,Male,2,Deep Specialists,6,1,1009.7049999999999,6058.23,4.183333333333334,0.1,0.25,AI & Machine Learning,Beginner,87.0
U0530,Harini Chopra,35,Male,1,Explorers (Multi-Category Learners),10,7,1159.309,11593.09,3.91,0.7,0.5,Data Science,Beginner,97.5
U0531,Vihaan Mishra,44,Female,1,Explorers (Multi-Category Learners),13,7,1778.6323076923077,23122.22,4.1,0.7,0.269,Data Science,Beginner,82.7
U0532,Ishaan Singh,42,Male,1,Explorers (Multi-Category Learners),12,6,1240.6975,14888.369999999999,4.091666666666667,0.6,0.333,AI & Machine Learning,Beginner,69.5
U0533,Gokul Kumar,39,Female,1,Explorers (Multi-Category Learners),15,7,1488.9066666666668,22333.600000000002,4.2,0.7,0.3,Finance & Accounting,Beginner,65.4
U0534,Aditya Krishnan,42,Female,0,Premium / Career-Focused Learners,5,5,5216.302,26081.51,4.540000000000001,0.5,0.6,Digital Marketing,Advanced,71.0
U0535,Vihaan Kumar,21,Female,2,Deep Specialists,7,1,2026.4414285714286,14185.09,4.371428571428572,0.1,0.5,Business Analytics,Intermediate,118.9
U0536,Arjun Kumar,42,Female,0,Premium / Career-Focused Learners,5,4,4198.362,20991.81,4.5200000000000005,0.4,0.5,Digital Marketing,Advanced,196.0
U0537,Krishna Verma,37,Female,1,Explorers (Multi-Category Learners),10,8,1402.922,14029.220000000001,4.29,0.8,0.2,Business Analytics,Beginner,89.6
U0538,Neha Das,39,Other,1,Explorers (Multi-Category Learners),15,8,1765.942,26489.13,4.12,0.8,0.367,AI & Machine Learning,Intermediate,59.3
U0539,Saanvi Verma,25,Female,2,Deep Specialists,4,1,3168.4325,12673.73,4.300000000000001,0.1,0.375,Finance & Accounting,Beginner,119.0
U0540,Rohan Singh,28,Female,1,Explorers (Multi-Category Learners),11,6,2203.0354545454543,24233.39,4.245454545454546,0.6,0.591,Digital Marketing,Advanced,87.1
U0541,Sneha Krishnan,37,Female,2,Deep Specialists,5,1,2114.612,10573.06,4.279999999999999,0.1,0.4,Cybersecurity,Intermediate,193.2
U0542,Pooja Krishnan,17,Female,0,Premium / Career-Focused Learners,5,5,5119.72,25598.600000000002,4.34,0.5,0.5,Cybersecurity,Beginner,117.2
U0543,Gokul Subramanian,42,Male,2,Deep Specialists,9,1,1747.7255555555555,15729.529999999999,4.199999999999999,0.1,0.222,Finance & Accounting,Beginner,100.9
U0544,Ananya Sharma,42,Male,2,Deep Specialists,5,1,2049.9120000000003,10249.560000000001,4.04,0.1,0.3,Mobile Development,Beginner,169.0
U0545,Aarohi Kumar,17,Male,1,Explorers (Multi-Category Learners),17,10,1261.3529411764705,21443.0,4.123529411764705,1.0,0.353,AI & Machine Learning,Beginner,55.2
U0546,Suresh Krishnan,31,Male,1,Explorers (Multi-Category Learners),8,7,1541.8400000000001,12334.720000000001,4.0625,0.7,0.375,Finance & Accounting,Beginner,115.4
U0547,Arjun Bose,18,Female,1,Explorers (Multi-Category Learners),13,7,1776.6200000000001,23096.06,4.276923076923077,0.7,0.538,Finance & Accounting,Advanced,73.5
U0548,Anika Raman,38,Female,2,Deep Specialists,5,1,1692.382,8461.91,4.04,0.1,0.3,Mobile Development,Beginner,164.2
U0549,Rohan Kumar,32,Female,1,Explorers (Multi-Category Learners),18,8,1464.0755555555556,26353.36,4.205555555555556,0.8,0.222,AI & Machine Learning,Beginner,44.6
U0550,Pihu Rao,41,Male,1,Explorers (Multi-Category Learners),14,8,2045.792857142857,28641.1,4.2,0.8,0.536,Digital Marketing,Intermediate,72.4
U0551,Diya Kumar,24,Female,2,Deep Specialists,5,1,2271.266,11356.33,4.32,0.1,0.5,Cloud Computing,Intermediate,165.0
U0552,Deepak Pillai,29,Female,1,Explorers (Multi-Category Learners),10,5,2262.692,22626.92,4.38,0.5,0.45,Design (UI/UX),Beginner,86.3
U0553,Krishna Pillai,37,Female,1,Explorers (Multi-Category Learners),16,8,1122.375625,17958.01,4.25625,0.8,0.531,Finance & Accounting,Advanced,61.9
U0554,Arun Mishra,17,Female,1,Explorers (Multi-Category Learners),14,7,1260.8307142857143,17651.63,3.9785714285714286,0.7,0.357,Data Science,Intermediate,72.8
U0555,Priya Subramanian,32,Female,0,Premium / Career-Focused Learners,2,2,3588.205,7176.41,4.3,0.2,0.5,Design (UI/UX),Intermediate,320.0
U0556,Krishna Patel,23,Male,2,Deep Specialists,4,1,1865.0099999999998,7460.039999999999,4.0,0.1,0.375,Mobile Development,Beginner,163.8
U0557,Kiran Bose,21,Female,2,Deep Specialists,4,1,3450.2075,13800.83,4.25,0.1,0.625,Business Analytics,Advanced,236.8
U0558,Manoj Reddy,38,Male,1,Explorers (Multi-Category Learners),11,7,1108.6336363636362,12194.97,4.109090909090909,0.7,0.364,Cloud Computing,Beginner,74.2
U0559,Myra Kumar,39,Male,0,Premium / Career-Focused Learners,2,1,5050.855,10101.71,4.25,0.1,0.0,Finance & Accounting,Beginner,149.0
U0560,Kavya Reddy,19,Female,2,Deep Specialists,8,1,1501.83375,12014.67,4.1875,0.1,0.688,Cloud Computing,Advanced,74.9
U0561,Karthik Bose,28,Male,1,Explorers (Multi-Category Learners),9,5,2060.2366666666667,18542.13,4.211111111111111,0.5,0.722,Business Analytics,Intermediate,104.2
U0562,Sai Verma,42,Female,0,Premium / Career-Focused Learners,5,3,5518.7339999999995,27593.67,4.279999999999999,0.3,0.3,Digital Marketing,Beginner,99.8
U0563,Lakshmi Gupta,32,Male,1,Explorers (Multi-Category Learners),9,5,2186.3655555555556,19677.29,4.111111111111111,0.5,0.611,Data Science,Advanced,106.1
U0564,Vihaan Das,35,Female,2,Deep Specialists,8,1,1491.53,11932.24,4.1875,0.1,0.688,Design (UI/UX),Advanced,87.9
U0565,Neha Menon,21,Male,2,Deep Specialists,5,1,2065.362,10326.81,4.04,0.1,0.3,Mobile Development,Beginner,169.2
U0566,Kiran Nair,38,Other,1,Explorers (Multi-Category Learners),8,6,1068.025,8544.2,4.1,0.6,0.438,Finance & Accounting,Beginner,104.0
U0567,Ananya Das,41,Female,0,Premium / Career-Focused Learners,4,4,4700.7675,18803.07,4.2,0.4,0.5,Business Analytics,Intermediate,142.8
U0568,Deepak Raman,30,Male,2,Deep Specialists,8,1,2298.49375,18387.95,4.225,0.1,0.375,Digital Marketing,Beginner,98.2
U0569,Swathi Kumar,44,Female,2,Deep Specialists,4,1,686.8199999999999,2747.2799999999997,4.15,0.1,0.125,Web Development,Beginner,215.2
U0570,Meera Kumar,21,Other,1,Explorers (Multi-Category Learners),10,8,1405.761,14057.61,4.24,0.8,0.4,Finance & Accounting,Beginner,67.7
U0571,Vivaan Bose,31,Male,1,Explorers (Multi-Category Learners),17,10,1180.7282352941174,20072.379999999997,4.135294117647058,1.0,0.412,Cloud Computing,Beginner,63.5
U0572,Divya Mishra,33,Male,1,Explorers (Multi-Category Learners),9,8,1887.2333333333331,16985.1,4.333333333333333,0.8,0.333,Digital Marketing,Beginner,92.1
U0573,Krishna Nair,30,Male,0,Premium / Career-Focused Learners,5,4,5368.652,26843.260000000002,4.5600000000000005,0.4,0.4,Finance & Accounting,Intermediate,168.4
U0574,Deepak Verma,36,Male,1,Explorers (Multi-Category Learners),17,8,1542.9505882352942,26230.16,4.041176470588235,0.8,0.441,Cloud Computing,Beginner,60.6
U0575,Ananya Krishnan,21,Female,2,Deep Specialists,5,1,2540.1420000000003,12700.710000000001,4.24,0.1,0.7,Design (UI/UX),Advanced,130.4
U0576,Gokul Singh,28,Female,2,Deep Specialists,5,1,1427.394,7136.97,4.04,0.1,0.3,Mobile Development,Beginner,166.2
U0577,Suresh Patel,32,Male,1,Explorers (Multi-Category Learners),13,8,1251.9123076923076,16274.86,4.1923076923076925,0.8,0.577,Cloud Computing,Advanced,62.1
U0578,Ananya Mishra,42,Male,2,Deep Specialists,7,1,2022.4485714285713,14157.14,3.8857142857142857,0.1,0.286,AI & Machine Learning,Beginner,109.0
U0579,Arun Verma,42,Female,1,Explorers (Multi-Category Learners),12,7,2027.1708333333333,24326.05,4.1499999999999995,0.7,0.542,Cloud Computing,Advanced,70.5
U0580,Aadhya Chopra,32,Male,0,Premium / Career-Focused Learners,4,3,6749.6775,26998.71,4.15,0.3,0.5,Design (UI/UX),Intermediate,262.0
U0581,Rohan Das,37,Male,2,Deep Specialists,4,1,1431.5949999999998,5726.379999999999,4.0,0.1,0.125,AI & Machine Learning,Beginner,192.5
U0582,Manoj Krishnan,23,Female,1,Explorers (Multi-Category Learners),18,8,1101.1177777777777,19820.12,4.15,0.8,0.583,Data Science,Intermediate,53.0
U0583,Rohan Rao,20,Female,1,Explorers (Multi-Category Learners),12,8,1784.2058333333334,21410.47,3.9416666666666664,0.8,0.458,Cybersecurity,Intermediate,78.2
U0584,Naveen Gupta,17,Female,2,Deep Specialists,7,1,1725.2514285714285,12076.76,4.085714285714286,0.1,0.5,Data Science,Advanced,102.4
U0585,Pihu Singh,21,Female,0,Premium / Career-Focused Learners,5,4,4501.448,22507.24,4.3,0.4,0.2,Cloud Computing,Beginner,171.6
U0586,Aadhya Das,39,Female,2,Deep Specialists,8,1,2081.92,16655.36,4.25,0.1,0.25,Finance & Accounting,Beginner,127.9
U0587,Sai Kumar,42,Female,2,Deep Specialists,4,1,2057.675,8230.7,4.25,0.1,0.5,Cybersecurity,Intermediate,168.8
U0588,Pooja Gupta,26,Male,1,Explorers (Multi-Category Learners),15,9,1655.6113333333333,24834.17,4.24,0.9,0.4,Web Development,Beginner,60.2
U0589,Aarohi Verma,38,Male,1,Explorers (Multi-Category Learners),8,6,2491.66125,19933.29,4.3875,0.6,0.375,Digital Marketing,Beginner,116.5
U0590,Manoj Pillai,21,Male,1,Explorers (Multi-Category Learners),10,6,2229.266,22292.66,4.0,0.6,0.3,AI & Machine Learning,Beginner,95.0
U0591,Reyansh Reddy,20,Male,2,Deep Specialists,4,1,1252.97,5011.88,4.075,0.1,0.5,Data Science,Beginner,89.8
U0592,Diya Subramanian,18,Female,2,Deep Specialists,2,2,2566.375,5132.75,4.05,0.2,0.25,Design (UI/UX),Intermediate,151.0
U0593,Meera Das,36,Male,2,Deep Specialists,7,1,1274.2914285714287,8920.04,4.171428571428572,0.1,0.357,Digital Marketing,Beginner,110.9
U0594,Diya Singh,26,Male,2,Deep Specialists,8,4,1907.0725,15256.58,4.1,0.4,0.5,Business Analytics,Intermediate,115.8
U0595,Karthik Singh,42,Male,2,Deep Specialists,4,1,1065.085,4260.34,3.975,0.1,0.375,Digital Marketing,Beginner,131.0
U0596,Manoj Das,35,Male,0,Premium / Career-Focused Learners,2,2,7506.14,15012.28,3.75,0.2,0.5,Finance & Accounting,Beginner,106.0
U0597,Diya Sharma,42,Female,2,Deep Specialists,4,1,1261.8475,5047.39,4.25,0.1,0.625,Design (UI/UX),Advanced,174.2
U0598,Deepak Patel,17,Male,0,Premium / Career-Focused Learners,5,3,6750.312,33751.56,4.4,0.3,0.1,Finance & Accounting,Beginner,213.8
U0599,Reyansh Rao,40,Female,1,Explorers (Multi-Category Learners),12,9,1130.7916666666667,13569.5,3.9250000000000003,0.9,0.292,AI & Machine Learning,Beginner,80.6
U0600,Krishna Das,21,Male,1,Explorers (Multi-Category Learners),19,9,1324.4642105263158,25164.82,4.042105263157895,0.9,0.474,Data Science,Beginner,51.1
