UserID,UserName,Age,Gender,Email
U0001,Ayaan Sharma,23,Female,ayaan.sharma0@edupromail.com
U0002,Kavya Pillai,36,Female,kavya.pillai1@edupromail.com
U0003,Myra Reddy,31,Female,myra.reddy2@edupromail.com
U0004,Reyansh Chopra,27,Female,reyansh.chopra3@edupromail.com
U0005,Sai Bose,24,Female,sai.bose4@edupromail.com
U0006,Sneha Verma,37,Female,sneha.verma5@edupromail.com
U0007,Vihaan Iyer,23,Female,vihaan.iyer6@edupromail.com
U0008,Aadhya Pillai,42,Female,aadhya.pillai7@edupromail.com
U0009,Deepak Kapoor,35,Female,deepak.kapoor8@edupromail.com
U0010,Vihaan Chopra,39,Male,vihaan.chopra9@edupromail.com
U0011,Saanvi Chopra,27,Female,saanvi.chopra10@edupromail.com
U0012,Priya Pillai,27,Female,priya.pillai11@edupromail.com
U0013,Pooja Bose,40,Female,pooja.bose12@edupromail.com
U0014,Kavya Sharma,37,Female,kavya.sharma13@edupromail.com
U0015,Ananya Subramanian,20,Female,ananya.subramanian14@edupromail.com
U0016,Karthik Gupta,24,Male,karthik.gupta15@edupromail.com
U0017,Ishaan Menon,40,Male,ishaan.menon16@edupromail.com
U0018,Karthik Nair,19,Male,karthik.nair17@edupromail.com
U0019,Sai Krishnan,38,Male,sai.krishnan18@edupromail.com
U0020,Reyansh Kumar,37,Male,reyansh.kumar19@edupromail.com
U0021,Naveen Kapoor,18,Female,naveen.kapoor20@edupromail.com
U0022,Anika Verma,40,Male,anika.verma21@edupromail.com
U0023,Neha Chopra,28,Female,neha.chopra22@edupromail.com
U0024,Ayaan Krishnan,22,Male,ayaan.krishnan23@edupromail.com
U0025,Sai Chopra,18,Female,sai.chopra24@edupromail.com
U0026,Riya Kapoor,44,Male,riya.kapoor25@edupromail.com
U0027,Suresh Bose,37,Male,suresh.bose26@edupromail.com
U0028,Saanvi Iyer,17,Male,saanvi.iyer27@edupromail.com
U0029,Aditya Pillai,28,Female,aditya.pillai28@edupromail.com
U0030,Riya Iyer,42,Male,riya.iyer29@edupromail.com
U0031,Myra Nair,38,Female,myra.nair30@edupromail.com
U0032,Divya Gupta,28,Male,divya.gupta31@edupromail.com
U0033,Neha Kumar,41,Male,neha.kumar32@edupromail.com
U0034,Ananya Kumar,33,Female,ananya.kumar33@edupromail.com
U0035,Naveen Menon,43,Female,naveen.menon34@edupromail.com
U0036,Kavya Iyer,43,Male,kavya.iyer35@edupromail.com
U0037,Harini Rao,26,Female,harini.rao36@edupromail.com
U0038,Sanjay Pillai,44,Female,sanjay.pillai37@edupromail.com
U0039,Ananya Raman,44,Female,ananya.raman38@edupromail.com
U0040,Kiran Pillai,32,Male,kiran.pillai39@edupromail.com
U0041,Rohan Verma,31,Male,rohan.verma40@edupromail.com
U0042,Myra Verma,31,Female,myra.verma41@edupromail.com
U0043,Rohan Krishnan,35,Female,rohan.krishnan42@edupromail.com
U0044,Aadhya Bose,28,Female,aadhya.bose43@edupromail.com
U0045,Rohan Menon,39,Male,rohan.menon44@edupromail.com
U0046,Vikram Krishnan,36,Female,vikram.krishnan45@edupromail.com
U0047,Neha Reddy,41,Female,neha.reddy46@edupromail.com
U0048,Anika Reddy,19,Male,anika.reddy47@edupromail.com
U0049,Aarohi Chopra,21,Male,aarohi.chopra48@edupromail.com
U0050,Sanjay Gupta,35,Female,sanjay.gupta49@edupromail.com
U0051,Swathi Subramanian,23,Male,swathi.subramanian50@edupromail.com
U0052,Swathi Krishnan,37,Male,swathi.krishnan51@edupromail.com
U0053,Suresh Pillai,25,Male,suresh.pillai52@edupromail.com
U0054,Krishna Mishra,23,Male,krishna.mishra53@edupromail.com
U0055,Vikram Iyer,34,Male,vikram.iyer54@edupromail.com
U0056,Vivaan Nair,20,Female,vivaan.nair55@edupromail.com
U0057,Ishaan Rao,41,Female,ishaan.rao56@edupromail.com
U0058,Sneha Kapoor,44,Male,sneha.kapoor57@edupromail.com
U0059,Arjun Krishnan,30,Female,arjun.krishnan58@edupromail.com
U0060,Divya Kapoor,34,Female,divya.kapoor59@edupromail.com
U0061,Neha Mishra,42,Male,neha.mishra60@edupromail.com
U0062,Anika Chopra,25,Male,anika.chopra61@edupromail.com
U0063,Aarav Nair,42,Male,aarav.nair62@edupromail.com
U0064,Riya Subramanian,37,Male,riya.subramanian63@edupromail.com
U0065,Aarav Gupta,18,Female,aarav.gupta64@edupromail.com
U0066,Deepak Rao,36,Female,deepak.rao65@edupromail.com
U0067,Deepak Nair,44,Male,deepak.nair66@edupromail.com
U0068,Pihu Mishra,31,Female,pihu.mishra67@edupromail.com
U0069,Harini Menon,44,Female,harini.menon68@edupromail.com
U0070,Ishaan Kumar,23,Male,ishaan.kumar69@edupromail.com
U0071,Ananya Chopra,28,Female,ananya.chopra70@edupromail.com
U0072,Manoj Sharma,24,Other,manoj.sharma71@edupromail.com
U0073,Harini Patel,31,Other,harini.patel72@edupromail.com
U0074,Vikram Sharma,19,Male,vikram.sharma73@edupromail.com
U0075,Ayaan Kumar,30,Female,ayaan.kumar74@edupromail.com
U0076,Pihu Pillai,33,Female,pihu.pillai75@edupromail.com
U0077,Vivaan Pillai,20,Female,vivaan.pillai76@edupromail.com
U0078,Lakshmi Iyer,34,Female,lakshmi.iyer77@edupromail.com
U0079,Sai Das,24,Female,sai.das78@edupromail.com
U0080,Arjun Chopra,20,Female,arjun.chopra79@edupromail.com
U0081,Krishna Reddy,18,Female,krishna.reddy80@edupromail.com
U0082,Arun Chopra,22,Female,arun.chopra81@edupromail.com
U0083,Ananya Gupta,38,Male,ananya.gupta82@edupromail.com
U0084,Manoj Kapoor,26,Male,manoj.kapoor83@edupromail.com
U0085,Sneha Menon,20,Male,sneha.menon84@edupromail.com
U0086,Sanjay Menon,38,Female,sanjay.menon85@edupromail.com
U0087,Pihu Krishnan,34,Male,pihu.krishnan86@edupromail.com
U0088,Suresh Raman,42,Male,suresh.raman87@edupromail.com
U0089,Manoj Raman,28,Male,manoj.raman88@edupromail.com
U0090,Ayaan Pillai,18,Female,ayaan.pillai89@edupromail.com
U0091,Myra Iyer,26,Female,myra.iyer90@edupromail.com
U0092,Karthik Sharma,20,Female,karthik.sharma91@edupromail.com
U0093,Swathi Chopra,30,Male,swathi.chopra92@edupromail.com
U0094,Myra Bose,32,Female,myra.bose93@edupromail.com
U0095,Myra Sharma,31,Female,myra.sharma94@edupromail.com
U0096,Arjun Verma,24,Male,arjun.verma95@edupromail.com
U0097,Aditya Patel,30,Female,aditya.patel96@edupromail.com
U0098,Arjun Mishra,39,Male,arjun.mishra97@edupromail.com
U0099,Aarohi Gupta,44,Male,aarohi.gupta98@edupromail.com
U0100,Vikram Menon,41,Female,vikram.menon99@edupromail.com
U0101,Sanjay Reddy,24,Male,sanjay.reddy100@edupromail.com
U0102,Lakshmi Bose,37,Male,lakshmi.bose101@edupromail.com
U0103,Arun Pillai,32,Male,arun.pillai102@edupromail.com
U0104,Arun Subramanian,29,Male,arun.subramanian103@edupromail.com
U0105,Saanvi Nair,34,Male,saanvi.nair104@edupromail.com
U0106,Reyansh Subramanian,31,Female,reyansh.subramanian105@edupromail.com
U0107,Naveen Subramanian,37,Female,naveen.subramanian106@edupromail.com
U0108,Priya Raman,40,Female,priya.raman107@edupromail.com
U0109,Vivaan Krishnan,42,Female,vivaan.krishnan108@edupromail.com
U0110,Aarohi Menon,41,Female,aarohi.menon109@edupromail.com
U0111,Pooja Reddy,44,Female,pooja.reddy110@edupromail.com
U0112,Sneha Rao,44,Male,sneha.rao111@edupromail.com
U0113,Kavya Raman,44,Male,kavya.raman112@edupromail.com
U0114,Aarohi Iyer,29,Male,aarohi.iyer113@edupromail.com
U0115,Pooja Chopra,25,Male,pooja.chopra114@edupromail.com
U0116,Reyansh Verma,31,Female,reyansh.verma115@edupromail.com
U0117,Sanjay Sharma,29,Male,sanjay.sharma116@edupromail.com
U0118,Sai Pillai,17,Female,sai.pillai117@edupromail.com
U0119,Vikram Das,41,Other,vikram.das118@edupromail.com
U0120,Aadhya Krishnan,23,Female,aadhya.krishnan119@edupromail.com
U0121,Vivaan Rao,25,Male,vivaan.rao120@edupromail.com
U0122,Divya Sharma,40,Male,divya.sharma121@edupromail.com
U0123,Neha Singh,17,Female,neha.singh122@edupromail.com
U0124,Sneha Chopra,28,Female,sneha.chopra123@edupromail.com
U0125,Vikram Reddy,24,Male,vikram.reddy124@edupromail.com
U0126,Saanvi Singh,40,Female,saanvi.singh125@edupromail.com
U0127,Aadhya Verma,27,Male,aadhya.verma126@edupromail.com
U0128,Vivaan Patel,35,Male,vivaan.patel127@edupromail.com
U0129,Vivaan Verma,33,Male,vivaan.verma128@edupromail.com
U0130,Swathi Das,24,Male,swathi.das129@edupromail.com
U0131,Deepak Mishra,19,Other,deepak.mishra130@edupromail.com
U0132,Ananya Verma,19,Female,ananya.verma131@edupromail.com
U0133,Deepak Iyer,17,Male,deepak.iyer132@edupromail.com
U0134,Diya Iyer,43,Female,diya.iyer133@edupromail.com
U0135,Harini Iyer,21,Female,harini.iyer134@edupromail.com
U0136,Aarohi Krishnan,26,Female,aarohi.krishnan135@edupromail.com
U0137,Ayaan Bose,23,Male,ayaan.bose136@edupromail.com
U0138,Aarohi Bose,42,Male,aarohi.bose137@edupromail.com
U0139,Harini Verma,25,Male,harini.verma138@edupromail.com
U0140,Gokul Iyer,44,Male,gokul.iyer139@edupromail.com
U0141,Priya Bose,23,Male,priya.bose140@edupromail.com
U0142,Lakshmi Mishra,25,Female,lakshmi.mishra141@edupromail.com
U0143,Rohan Gupta,24,Male,rohan.gupta142@edupromail.com
U0144,Aadhya Patel,28,Male,aadhya.patel143@edupromail.com
U0145,Meera Reddy,18,Male,meera.reddy144@edupromail.com
U0146,Pihu Raman,17,Male,pihu.raman145@edupromail.com
U0147,Rohan Iyer,32,Male,rohan.iyer146@edupromail.com
U0148,Aarav Raman,39,Male,aarav.raman147@edupromail.com
U0149,Gokul Bose,39,Male,gokul.bose148@edupromail.com
U0150,Reyansh Iyer,40,Male,reyansh.iyer149@edupromail.com
U0151,Deepak Gupta,21,Male,deepak.gupta150@edupromail.com
U0152,Krishna Kumar,19,Female,krishna.kumar151@edupromail.com
U0153,Arjun Pillai,28,Male,arjun.pillai152@edupromail.com
U0154,Suresh Singh,24,Male,suresh.singh153@edupromail.com
U0155,Sanjay Singh,38,Male,sanjay.singh154@edupromail.com
U0156,Gokul Mishra,43,Female,gokul.mishra155@edupromail.com
U0157,Aarav Chopra,19,Male,aarav.chopra156@edupromail.com
U0158,Pihu Nair,17,Female,pihu.nair157@edupromail.com
U0159,Krishna Gupta,19,Female,krishna.gupta158@edupromail.com
U0160,Ayaan Nair,21,Male,ayaan.nair159@edupromail.com
U0161,Kiran Reddy,31,Female,kiran.reddy160@edupromail.com
U0162,Kavya Singh,30,Female,kavya.singh161@edupromail.com
U0163,Karthik Menon,19,Male,karthik.menon162@edupromail.com
U0164,Anika Mishra,17,Male,anika.mishra163@edupromail.com
U0165,Vikram Gupta,21,Female,vikram.gupta164@edupromail.com
U0166,Vivaan Iyer,42,Male,vivaan.iyer165@edupromail.com
U0167,Sneha Gupta,39,Other,sneha.gupta166@edupromail.com
U0168,Aditya Sharma,30,Male,aditya.sharma167@edupromail.com
U0169,Karthik Reddy,23,Female,karthik.reddy168@edupromail.com
U0170,Anika Rao,43,Male,anika.rao169@edupromail.com
U0171,Arjun Reddy,25,Female,arjun.reddy170@edupromail.com
U0172,Sanjay Verma,31,Female,sanjay.verma171@edupromail.com
U0173,Sneha Reddy,31,Male,sneha.reddy172@edupromail.com
U0174,Aditya Singh,42,Male,aditya.singh173@edupromail.com
U0175,Suresh Verma,26,Male,suresh.verma174@edupromail.com
U0176,Aarohi Nair,44,Male,aarohi.nair175@edupromail.com
U0177,Naveen Chopra,29,Male,naveen.chopra176@edupromail.com
U0178,Priya Kapoor,35,Female,priya.kapoor177@edupromail.com
U0179,Ishaan Pillai,23,Female,ishaan.pillai178@edupromail.com
U0180,Ananya Rao,33,Female,ananya.rao179@edupromail.com
U0181,Priya Sharma,36,Female,priya.sharma180@edupromail.com
U0182,Diya Patel,20,Female,diya.patel181@edupromail.com
U0183,Kavya Rao,21,Female,kavya.rao182@edupromail.com
U0184,Reyansh Krishnan,39,Female,reyansh.krishnan183@edupromail.com
U0185,Aditya Das,23,Male,aditya.das184@edupromail.com
U0186,Myra Menon,29,Male,myra.menon185@edupromail.com
U0187,Saanvi Krishnan,31,Male,saanvi.krishnan186@edupromail.com
U0188,Arjun Gupta,27,Male,arjun.gupta187@edupromail.com
U0189,Naveen Mishra,20,Male,naveen.mishra188@edupromail.com
U0190,Meera Chopra,29,Male,meera.chopra189@edupromail.com
U0191,Ayaan Gupta,23,Female,ayaan.gupta190@edupromail.com
U0192,Diya Bose,43,Female,diya.bose191@edupromail.com
U0193,Reyansh Kapoor,35,Male,reyansh.kapoor192@edupromail.com
U0194,Sneha Kumar,38,Male,sneha.kumar193@edupromail.com
U0195,Rohan Subramanian,44,Male,rohan.subramanian194@edupromail.com
U0196,Harini Mishra,18,Male,harini.mishra195@edupromail.com
U0197,Lakshmi Menon,26,Male,lakshmi.menon196@edupromail.com
U0198,Sneha Sharma,29,Female,sneha.sharma197@edupromail.com
U0199,Manoj Chopra,41,Male,manoj.chopra198@edupromail.com
U0200,Saanvi Kumar,37,Female,saanvi.kumar199@edupromail.com
U0201,Sneha Iyer,22,Female,sneha.iyer200@edupromail.com
U0202,Karthik Kapoor,44,Male,karthik.kapoor201@edupromail.com
U0203,Rohan Nair,44,Female,rohan.nair202@edupromail.com
U0204,Pihu Subramanian,28,Female,pihu.subramanian203@edupromail.com
U0205,Riya Chopra,28,Male,riya.chopra204@edupromail.com
U0206,Krishna Menon,36,Male,krishna.menon205@edupromail.com
U0207,Priya Krishnan,27,Female,priya.krishnan206@edupromail.com
U0208,Diya Kapoor,42,Female,diya.kapoor207@edupromail.com
U0209,Lakshmi Singh,39,Female,lakshmi.singh208@edupromail.com
U0210,Aarav Singh,44,Female,aarav.singh209@edupromail.com
U0211,Riya Menon,41,Female,riya.menon210@edupromail.com
U0212,Sneha Bose,23,Other,sneha.bose211@edupromail.com
U0213,Neha Raman,17,Female,neha.raman212@edupromail.com
U0214,Pooja Menon,17,Female,pooja.menon213@edupromail.com
U0215,Deepak Das,41,Female,deepak.das214@edupromail.com
U0216,Ananya Iyer,43,Male,ananya.iyer215@edupromail.com
U0217,Riya Mishra,41,Female,riya.mishra216@edupromail.com
U0218,Gokul Patel,36,Female,gokul.patel217@edupromail.com
U0219,Saanvi Reddy,29,Male,saanvi.reddy218@edupromail.com
U0220,Vihaan Verma,25,Female,vihaan.verma219@edupromail.com
U0221,Aarohi Das,19,Male,aarohi.das220@edupromail.com
U0222,Neha Subramanian,23,Female,neha.subramanian221@edupromail.com
U0223,Divya Das,22,Female,divya.das222@edupromail.com
U0224,Meera Pillai,24,Female,meera.pillai223@edupromail.com
U0225,Ishaan Sharma,43,Male,ishaan.sharma224@edupromail.com
U0226,Myra Rao,25,Female,myra.rao225@edupromail.com
U0227,Vivaan Chopra,21,Female,vivaan.chopra226@edupromail.com
U0228,Kiran Kapoor,17,Male,kiran.kapoor227@edupromail.com
U0229,Rohan Raman,35,Male,rohan.raman228@edupromail.com
U0230,Pooja Rao,26,Female,pooja.rao229@edupromail.com
U0231,Arun Raman,28,Male,arun.raman230@edupromail.com
U0232,Anika Pillai,40,Male,anika.pillai231@edupromail.com
U0233,Kavya Mishra,31,Female,kavya.mishra232@edupromail.com
U0234,Vikram Pillai,43,Male,vikram.pillai233@edupromail.com
U0235,Arjun Singh,38,Female,arjun.singh234@edupromail.com
U0236,Karthik Patel,40,Male,karthik.patel235@edupromail.com
U0237,Sanjay Iyer,25,Female,sanjay.iyer236@edupromail.com
U0238,Myra Krishnan,36,Male,myra.krishnan237@edupromail.com
U0239,Arjun Subramanian,33,Female,arjun.subramanian238@edupromail.com
U0240,Priya Patel,33,Male,priya.patel239@edupromail.com
U0241,Sanjay Raman,42,Female,sanjay.raman240@edupromail.com
U0242,Priya Verma,36,Male,priya.verma241@edupromail.com
U0243,Aadhya Subramanian,28,Female,aadhya.subramanian242@edupromail.com
U0244,Divya Bose,23,Male,divya.bose243@edupromail.com
U0245,Vihaan Bose,18,Other,vihaan.bose244@edupromail.com
U0246,Aarav Kumar,19,Female,aarav.kumar245@edupromail.com
U0247,Priya Chopra,33,Male,priya.chopra246@edupromail.com
U0248,Sanjay Kapoor,21,Female,sanjay.kapoor247@edupromail.com
U0249,Myra Das,33,Male,myra.das248@edupromail.com
U0250,Myra Gupta,40,Male,myra.gupta249@edupromail.com
U0251,Sneha Das,33,Male,sneha.das250@edupromail.com
U0252,Vihaan Krishnan,43,Female,vihaan.krishnan251@edupromail.com
U0253,Karthik Krishnan,33,Female,karthik.krishnan252@edupromail.com
U0254,Krishna Kapoor,18,Male,krishna.kapoor253@edupromail.com
U0255,Meera Bose,18,Female,meera.bose254@edupromail.com
U0256,Lakshmi Sharma,44,Male,lakshmi.sharma255@edupromail.com
U0257,Sai Subramanian,38,Male,sai.subramanian256@edupromail.com
U0258,Krishna Raman,39,Male,krishna.raman257@edupromail.com
U0259,Diya Verma,21,Male,diya.verma258@edupromail.com
U0260,Anika Krishnan,17,Male,anika.krishnan259@edupromail.com
U0261,Neha Patel,17,Female,neha.patel260@edupromail.com
U0262,Kavya Subramanian,35,Male,kavya.subramanian261@edupromail.com
U0263,Anika Iyer,18,Male,anika.iyer262@edupromail.com
U0264,Arun Sharma,37,Male,arun.sharma263@edupromail.com
U0265,Naveen Pillai,28,Male,naveen.pillai264@edupromail.com
U0266,Vihaan Pillai,42,Female,vihaan.pillai265@edupromail.com
U0267,Saanvi Sharma,22,Male,saanvi.sharma266@edupromail.com
U0268,Gokul Reddy,39,Female,gokul.reddy267@edupromail.com
U0269,Aarohi Reddy,20,Other,aarohi.reddy268@edupromail.com
U0270,Arun Nair,39,Female,arun.nair269@edupromail.com
U0271,Neha Gupta,27,Female,neha.gupta270@edupromail.com
U0272,Suresh Rao,40,Male,suresh.rao271@edupromail.com
U0273,Harini Kapoor,43,Female,harini.kapoor272@edupromail.com
U0274,Ayaan Rao,33,Female,ayaan.rao273@edupromail.com
U0275,Swathi Sharma,22,Female,swathi.sharma274@edupromail.com
U0276,Pihu Bose,40,Male,pihu.bose275@edupromail.com
U0277,Divya Krishnan,21,Male,divya.krishnan276@edupromail.com
U0278,Swathi Pillai,36,Male,swathi.pillai277@edupromail.com
U0279,Reyansh Singh,18,Female,reyansh.singh278@edupromail.com
U0280,Harini Nair,22,Female,harini.nair279@edupromail.com
U0281,Lakshmi Verma,38,Female,lakshmi.verma280@edupromail.com
U0282,Priya Das,27,Male,priya.das281@edupromail.com
U0283,Ishaan Subramanian,32,Female,ishaan.subramanian282@edupromail.com
U0284,Diya Mishra,32,Male,diya.mishra283@edupromail.com
U0285,Kavya Kapoor,17,Male,kavya.kapoor284@edupromail.com
U0286,Sanjay Das,25,Male,sanjay.das285@edupromail.com
U0287,Swathi Gupta,44,Female,swathi.gupta286@edupromail.com
U0288,Rohan Pillai,43,Male,rohan.pillai287@edupromail.com
U0289,Sai Gupta,22,Female,sai.gupta288@edupromail.com
U0290,Pooja Pillai,32,Female,pooja.pillai289@edupromail.com
U0291,Neha Bose,19,Male,neha.bose290@edupromail.com
U0292,Gokul Krishnan,36,Female,gokul.krishnan291@edupromail.com
U0293,Vikram Patel,44,Male,vikram.patel292@edupromail.com
U0294,Diya Das,43,Male,diya.das293@edupromail.com
U0295,Aadhya Kumar,20,Male,aadhya.kumar294@edupromail.com
U0296,Anika Patel,35,Male,anika.patel295@edupromail.com
U0297,Kavya Chopra,42,Female,kavya.chopra296@edupromail.com
U0298,Aarav Mishra,19,Male,aarav.mishra297@edupromail.com
U0299,Aarohi Subramanian,35,Female,aarohi.subramanian298@edupromail.com
U0300,Vikram Chopra,36,Female,vikram.chopra299@edupromail.com
U0301,Vikram Raman,23,Female,vikram.raman300@edupromail.com
U0302,Riya Pillai,36,Female,riya.pillai301@edupromail.com
U0303,Suresh Das,25,Female,suresh.das302@edupromail.com
U0304,Kiran Mishra,17,Male,kiran.mishra303@edupromail.com
U0305,Kiran Patel,24,Male,kiran.patel304@edupromail.com
U0306,Naveen Raman,23,Female,naveen.raman305@edupromail.com
U0307,Ayaan Menon,34,Female,ayaan.menon306@edupromail.com
U0308,Sanjay Rao,24,Male,sanjay.rao307@edupromail.com
U0309,Saanvi Menon,17,Male,saanvi.menon308@edupromail.com
U0310,Arun Gupta,27,Male,arun.gupta309@edupromail.com
U0311,Swathi Mishra,44,Female,swathi.mishra310@edupromail.com
U0312,Harini Singh,41,Male,harini.singh311@edupromail.com
U0313,Reyansh Menon,41,Male,reyansh.menon312@edupromail.com
U0314,Pihu Sharma,34,Male,pihu.sharma313@edupromail.com
U0315,Kavya Verma,39,Male,kavya.verma314@edupromail.com
U0316,Riya Reddy,26,Female,riya.reddy315@edupromail.com
U0317,Vikram Nair,19,Male,vikram.nair316@edupromail.com
U0318,Aarav Bose,23,Female,aarav.bose317@edupromail.com
U0319,Riya Das,44,Male,riya.das318@edupromail.com
U0320,Karthik Rao,32,Female,karthik.rao319@edupromail.com
U0321,Vivaan Gupta,42,Male,vivaan.gupta320@edupromail.com
U0322,Ishaan Reddy,32,Male,ishaan.reddy321@edupromail.com
U0323,Ayaan Chopra,41,Female,ayaan.chopra322@edupromail.com
U0324,Myra Mishra,36,Other,myra.mishra323@edupromail.com
U0325,Divya Raman,44,Female,divya.raman324@edupromail.com
U0326,Pooja Singh,33,Female,pooja.singh325@edupromail.com
U0327,Gokul Verma,18,Female,gokul.verma326@edupromail.com
U0328,Gokul Nair,17,Male,gokul.nair327@edupromail.com
U0329,Aadhya Menon,32,Other,aadhya.menon328@edupromail.com
U0330,Ananya Pillai,28,Male,ananya.pillai329@edupromail.com
U0331,Diya Chopra,21,Female,diya.chopra330@edupromail.com
U0332,Arjun Rao,21,Female,arjun.rao331@edupromail.com
U0333,Aarav Subramanian,43,Female,aarav.subramanian332@edupromail.com
U0334,Pooja Kapoor,39,Female,pooja.kapoor333@edupromail.com
U0335,Arun Singh,25,Male,arun.singh334@edupromail.com
U0336,Riya Singh,25,Female,riya.singh335@edupromail.com
U0337,Neha Iyer,19,Male,neha.iyer336@edupromail.com
U0338,Swathi Menon,35,Female,swathi.menon337@edupromail.com
U0339,Sneha Nair,32,Female,sneha.nair338@edupromail.com
U0340,Ishaan Gupta,32,Male,ishaan.gupta339@edupromail.com
U0341,Ishaan Iyer,19,Female,ishaan.iyer340@edupromail.com
U0342,Pihu Kapoor,36,Female,pihu.kapoor341@edupromail.com
U0343,Pooja Nair,40,Female,pooja.nair342@edupromail.com
U0344,Meera Gupta,38,Female,meera.gupta343@edupromail.com
U0345,Deepak Chopra,40,Male,deepak.chopra344@edupromail.com
U0346,Sai Kapoor,17,Male,sai.kapoor345@edupromail.com
U0347,Aditya Subramanian,40,Female,aditya.subramanian346@edupromail.com
U0348,Rohan Kapoor,36,Male,rohan.kapoor347@edupromail.com
U0349,Anika Sharma,27,Female,anika.sharma348@edupromail.com
U0350,Vihaan Gupta,33,Male,vihaan.gupta349@edupromail.com
U0351,Arun Kumar,24,Male,arun.kumar350@edupromail.com
U0352,Ananya Patel,20,Female,ananya.patel351@edupromail.com
U0353,Riya Krishnan,22,Female,riya.krishnan352@edupromail.com
U0354,Kiran Verma,24,Male,kiran.verma353@edupromail.com
U0355,Meera Mishra,36,Female,meera.mishra354@edupromail.com
U0356,Vivaan Menon,19,Male,vivaan.menon355@edupromail.com
U0357,Manoj Kumar,32,Male,manoj.kumar356@edupromail.com
U0358,Gokul Das,41,Male,gokul.das357@edupromail.com
U0359,Pooja Verma,19,Male,pooja.verma358@edupromail.com
U0360,Aadhya Gupta,41,Male,aadhya.gupta359@edupromail.com
U0361,Riya Raman,34,Female,riya.raman360@edupromail.com
U0362,Vihaan Kapoor,30,Female,vihaan.kapoor361@edupromail.com
U0363,Aarohi Rao,34,Male,aarohi.rao362@edupromail.com
U0364,Pihu Chopra,18,Female,pihu.chopra363@edupromail.com
U0365,Priya Iyer,38,Female,priya.iyer364@edupromail.com
U0366,Neha Nair,19,Male,neha.nair365@edupromail.com
U0367,Ishaan Das,32,Female,ishaan.das366@edupromail.com
U0368,Arun Das,25,Other,arun.das367@edupromail.com
U0369,Aarohi Raman,20,Male,aarohi.raman368@edupromail.com
U0370,Divya Menon,17,Male,divya.menon369@edupromail.com
U0371,Krishna Iyer,20,Female,krishna.iyer370@edupromail.com
U0372,Karthik Mishra,17,Female,karthik.mishra371@edupromail.com
U0373,Swathi Bose,30,Male,swathi.bose372@edupromail.com
U0374,Karthik Chopra,37,Female,karthik.chopra373@edupromail.com
U0375,Sanjay Krishnan,32,Female,sanjay.krishnan374@edupromail.com
U0376,Saanvi Pillai,36,Female,saanvi.pillai375@edupromail.com
U0377,Lakshmi Krishnan,40,Female,lakshmi.krishnan376@edupromail.com
U0378,Myra Subramanian,24,Female,myra.subramanian377@edupromail.com
U0379,Arun Krishnan,23,Male,arun.krishnan378@edupromail.com
U0380,Divya Reddy,19,Male,divya.reddy379@edupromail.com
U0381,Vikram Verma,33,Female,vikram.verma380@edupromail.com
U0382,Swathi Patel,17,Female,swathi.patel381@edupromail.com
U0383,Reyansh Raman,32,Male,reyansh.raman382@edupromail.com
U0384,Reyansh Mishra,28,Female,reyansh.mishra383@edupromail.com
U0385,Neha Sharma,43,Female,neha.sharma384@edupromail.com
U0386,Meera Iyer,35,Male,meera.iyer385@edupromail.com
U0387,Divya Patel,38,Female,divya.patel386@edupromail.com
U0388,Aditya Kapoor,39,Female,aditya.kapoor387@edupromail.com
U0389,Reyansh Nair,38,Female,reyansh.nair388@edupromail.com
U0390,Vivaan Singh,30,Female,vivaan.singh389@edupromail.com
U0391,Naveen Kumar,22,Male,naveen.kumar390@edupromail.com
U0392,Aarohi Mishra,22,Female,aarohi.mishra391@edupromail.com
U0393,Diya Rao,29,Male,diya.rao392@edupromail.com
U0394,Gokul Pillai,35,Male,gokul.pillai393@edupromail.com
U0395,Vikram Bose,38,Female,vikram.bose394@edupromail.com
U0396,Pooja Kumar,24,Male,pooja.kumar395@edupromail.com
U0397,Swathi Singh,43,Male,swathi.singh396@edupromail.com
U0398,Lakshmi Kumar,43,Female,lakshmi.kumar397@edupromail.com
U0399,Riya Sharma,18,Male,riya.sharma398@edupromail.com
U0400,Vivaan Kapoor,37,Male,vivaan.kapoor399@edupromail.com
U0401,Vikram Singh,17,Female,vikram.singh400@edupromail.com
U0402,Myra Kapoor,44,Female,myra.kapoor401@edupromail.com
U0403,Saanvi Kapoor,31,Male,saanvi.kapoor402@edupromail.com
U0404,Aditya Bose,17,Female,aditya.bose403@edupromail.com
U0405,Suresh Reddy,21,Male,suresh.reddy404@edupromail.com
U0406,Sai Singh,44,Female,sai.singh405@edupromail.com
U0407,Diya Menon,32,Female,diya.menon406@edupromail.com
U0408,Krishna Chopra,35,Other,krishna.chopra407@edupromail.com
U0409,Suresh Mishra,20,Female,suresh.mishra408@edupromail.com
U0410,Suresh Iyer,19,Female,suresh.iyer409@edupromail.com
U0411,Meera Sharma,33,Female,meera.sharma410@edupromail.com
U0412,Ayaan Raman,33,Male,ayaan.raman411@edupromail.com
U0413,Suresh Gupta,28,Male,suresh.gupta412@edupromail.com
U0414,Suresh Nair,44,Female,suresh.nair413@edupromail.com
U0415,Arjun Raman,30,Male,arjun.raman414@edupromail.com
U0416,Ayaan Reddy,37,Female,ayaan.reddy415@edupromail.com
U0417,Aditya Verma,22,Male,aditya.verma416@edupromail.com
U0418,Pihu Das,19,Female,pihu.das417@edupromail.com
U0419,Krishna Krishnan,44,Male,krishna.krishnan418@edupromail.com
U0420,Sanjay Subramanian,25,Male,sanjay.subramanian419@edupromail.com
U0421,Swathi Reddy,21,Female,swathi.reddy420@edupromail.com
U0422,Priya Nair,40,Male,priya.nair421@edupromail.com
U0423,Vikram Kapoor,33,Female,vikram.kapoor422@edupromail.com
U0424,Priya Gupta,30,Male,priya.gupta423@edupromail.com
U0425,Aditya Kumar,37,Male,aditya.kumar424@edupromail.com
U0426,Aadhya Raman,19,Female,aadhya.raman425@edupromail.com
U0427,Suresh Chopra,44,Male,suresh.chopra426@edupromail.com
U0428,Naveen Verma,17,Female,naveen.verma427@edupromail.com
U0429,Aadhya Kapoor,36,Female,aadhya.kapoor428@edupromail.com
U0430,Karthik Pillai,37,Female,karthik.pillai429@edupromail.com
U0431,Krishna Bose,39,Female,krishna.bose430@edupromail.com
U0432,Aadhya Iyer,17,Female,aadhya.iyer431@edupromail.com
U0433,Kiran Menon,19,Female,kiran.menon432@edupromail.com
U0434,Myra Patel,34,Male,myra.patel433@edupromail.com
U0435,Ishaan Kapoor,41,Male,ishaan.kapoor434@edupromail.com
U0436,Diya Nair,26,Male,diya.nair435@edupromail.com
U0437,Vihaan Reddy,38,Male,vihaan.reddy436@edupromail.com
U0438,Rohan Sharma,42,Female,rohan.sharma437@edupromail.com
U0439,Diya Gupta,19,Female,diya.gupta438@edupromail.com
U0440,Vivaan Reddy,24,Male,vivaan.reddy439@edupromail.com
U0441,Priya Mishra,30,Male,priya.mishra440@edupromail.com
U0442,Ayaan Iyer,40,Male,ayaan.iyer441@edupromail.com
U0443,Swathi Nair,34,Female,swathi.nair442@edupromail.com
U0444,Pooja Mishra,31,Female,pooja.mishra443@edupromail.com
U0445,Aditya Mishra,38,Male,aditya.mishra444@edupromail.com
U0446,Arjun Iyer,39,Female,arjun.iyer445@edupromail.com
U0447,Manoj Singh,18,Female,manoj.singh446@edupromail.com
U0448,Harini Subramanian,43,Male,harini.subramanian447@edupromail.com
U0449,Sneha Raman,26,Female,sneha.raman448@edupromail.com
U0450,Karthik Raman,18,Female,karthik.raman449@edupromail.com
U0451,Meera Subramanian,42,Male,meera.subramanian450@edupromail.com
U0452,Reyansh Patel,33,Male,reyansh.patel451@edupromail.com
U0453,Sneha Patel,24,Male,sneha.patel452@edupromail.com
U0454,Anika Kumar,17,Male,anika.kumar453@edupromail.com
U0455,Sai Iyer,25,Female,sai.iyer454@edupromail.com
U0456,Ayaan Subramanian,27,Female,ayaan.subramanian455@edupromail.com
U0457,Naveen Nair,38,Male,naveen.nair456@edupromail.com
U0458,Aadhya Reddy,32,Male,aadhya.reddy457@edupromail.com
U0459,Kiran Kumar,23,Male,kiran.kumar458@edupromail.com
U0460,Lakshmi Pillai,26,Male,lakshmi.pillai459@edupromail.com
U0461,Gokul Kapoor,39,Female,gokul.kapoor460@edupromail.com
U0462,Kiran Sharma,42,Male,kiran.sharma461@edupromail.com
U0463,Harini Gupta,19,Male,harini.gupta462@edupromail.com
U0464,Vihaan Rao,34,Male,vihaan.rao463@edupromail.com
U0465,Karthik Kumar,41,Female,karthik.kumar464@edupromail.com
U0466,Aarav Rao,40,Male,aarav.rao465@edupromail.com
U0467,Ishaan Bose,29,Female,ishaan.bose466@edupromail.com
U0468,Sai Mishra,44,Male,sai.mishra467@edupromail.com
U0469,Rohan Bose,42,Female,rohan.bose468@edupromail.com
U0470,Ananya Kapoor,23,Female,ananya.kapoor469@edupromail.com
U0471,Harini Raman,41,Male,harini.raman470@edupromail.com
U0472,Aadhya Mishra,20,Male,aadhya.mishra471@edupromail.com
U0473,Riya Bose,29,Female,riya.bose472@edupromail.com
U0474,Vikram Mishra,36,Female,vikram.mishra473@edupromail.com
U0475,Pihu Verma,17,Male,pihu.verma474@edupromail.com
U0476,Aarav Menon,24,Male,aarav.menon475@edupromail.com
U0477,Pihu Menon,30,Female,pihu.menon476@edupromail.com
U0478,Riya Patel,32,Female,riya.patel477@edupromail.com
U0479,Vikram Subramanian,30,Male,vikram.subramanian478@edupromail.com
U0480,Diya Reddy,28,Female,diya.reddy479@edupromail.com
U0481,Divya Chopra,35,Male,divya.chopra480@edupromail.com
U0482,Vihaan Raman,39,Female,vihaan.raman481@edupromail.com
U0483,Arjun Patel,31,Male,arjun.patel482@edupromail.com
U0484,Lakshmi Subramanian,44,Male,lakshmi.subramanian483@edupromail.com
U0485,Priya Singh,18,Male,priya.singh484@edupromail.com
U0486,Vihaan Patel,18,Female,vihaan.patel485@edupromail.com
U0487,Reyansh Pillai,39,Male,reyansh.pillai486@edupromail.com
U0488,Pihu Patel,38,Male,pihu.patel487@edupromail.com
U0489,Manoj Mishra,35,Male,manoj.mishra488@edupromail.com
U0490,Naveen Reddy,41,Male,naveen.reddy489@edupromail.com
U0491,Saanvi Rao,42,Other,saanvi.rao490@edupromail.com
U0492,Harini Reddy,38,Male,harini.reddy491@edupromail.com
U0493,Rohan Reddy,42,Female,rohan.reddy492@edupromail.com
U0494,Pooja Iyer,42,Female,pooja.iyer493@edupromail.com
U0495,Pihu Gupta,38,Female,pihu.gupta494@edupromail.com
U0496,Swathi Verma,33,Male,swathi.verma495@edupromail.com
U0497,Deepak Krishnan,36,Male,deepak.krishnan496@edupromail.com
U0498,Saanvi Patel,26,Male,saanvi.patel497@edupromail.com
U0499,Harini Das,22,Male,harini.das498@edupromail.com
U0500,Deepak Reddy,31,Male,deepak.reddy499@edupromail.com
U0501,Vivaan Raman,38,Female,vivaan.raman500@edupromail.com
U0502,Divya Subramanian,27,Male,divya.subramanian501@edupromail.com
U0503,Divya Singh,44,Male,divya.singh502@edupromail.com
U0504,Anika Kapoor,21,Female,anika.kapoor503@edupromail.com
U0505,Ishaan Patel,17,Male,ishaan.patel504@edupromail.com
U0506,Kiran Krishnan,24,Female,kiran.krishnan505@edupromail.com
U0507,Manoj Iyer,37,Female,manoj.iyer506@edupromail.com
U0508,Sneha Mishra,44,Male,sneha.mishra507@edupromail.com
U0509,Suresh Sharma,28,Female,suresh.sharma508@edupromail.com
U0510,Karthik Das,28,Female,karthik.das509@edupromail.com
U0511,Sanjay Mishra,21,Female,sanjay.mishra510@edupromail.com
U0512,Harini Krishnan,23,Male,harini.krishnan511@edupromail.com
U0513,Myra Chopra,20,Male,myra.chopra512@edupromail.com
U0514,Aarohi Singh,22,Female,aarohi.singh513@edupromail.com
U0515,Arun Menon,29,Male,arun.menon514@edupromail.com
U0516,Pooja Raman,36,Male,pooja.raman515@edupromail.com
U0517,Priya Rao,31,Male,priya.rao516@edupromail.com
U0518,Vivaan Das,19,Female,vivaan.das517@edupromail.com
U0519,Ayaan Singh,39,Male,ayaan.singh518@edupromail.com
U0520,Sai Rao,24,Female,sai.rao519@edupromail.com
U0521,Myra Raman,36,Female,myra.raman520@edupromail.com
U0522,Naveen Sharma,32,Female,naveen.sharma521@edupromail.com
U0523,Divya Iyer,29,Other,divya.iyer522@edupromail.com
U0524,Arun Reddy,34,Female,arun.reddy523@edupromail.com
U0525,Gokul Sharma,44,Female,gokul.sharma524@edupromail.com
U0526,Sai Sharma,26,Male,sai.sharma525@edupromail.com
U0527,Anika Menon,35,Female,anika.menon526@edupromail.com
U0528,Ishaan Chopra,33,Male,ishaan.chopra527@edupromail.com
U0529,Ayaan Das,40,Male,ayaan.das528@edupromail.com
U0530,Harini Chopra,35,Male,harini.chopra529@edupromail.com
U0531,Vihaan Mishra,44,Female,vihaan.mishra530@edupromail.com
U0532,Ishaan Singh,42,Male,ishaan.singh531@edupromail.com
U0533,Gokul Kumar,39,Female,gokul.kumar532@edupromail.com
U0534,Aditya Krishnan,42,Female,aditya.krishnan533@edupromail.com
U0535,Vihaan Kumar,21,Female,vihaan.kumar534@edupromail.com
U0536,Arjun Kumar,42,Female,arjun.kumar535@edupromail.com
U0537,Krishna Verma,37,Female,krishna.verma536@edupromail.com
U0538,Neha Das,39,Other,neha.das537@edupromail.com
U0539,Saanvi Verma,25,Female,saanvi.verma538@edupromail.com
U0540,Rohan Singh,28,Female,rohan.singh539@edupromail.com
U0541,Sneha Krishnan,37,Female,sneha.krishnan540@edupromail.com
U0542,Pooja Krishnan,17,Female,pooja.krishnan541@edupromail.com
U0543,Gokul Subramanian,42,Male,gokul.subramanian542@edupromail.com
U0544,Ananya Sharma,42,Male,ananya.sharma543@edupromail.com
U0545,Aarohi Kumar,17,Male,aarohi.kumar544@edupromail.com
U0546,Suresh Krishnan,31,Male,suresh.krishnan545@edupromail.com
U0547,Arjun Bose,18,Female,arjun.bose546@edupromail.com
U0548,Anika Raman,38,Female,anika.raman547@edupromail.com
U0549,Rohan Kumar,32,Female,rohan.kumar548@edupromail.com
U0550,Pihu Rao,41,Male,pihu.rao549@edupromail.com
U0551,Diya Kumar,24,Female,diya.kumar550@edupromail.com
U0552,Deepak Pillai,29,Female,deepak.pillai551@edupromail.com
U0553,Krishna Pillai,37,Female,krishna.pillai552@edupromail.com
U0554,Arun Mishra,17,Female,arun.mishra553@edupromail.com
U0555,Priya Subramanian,32,Female,priya.subramanian554@edupromail.com
U0556,Krishna Patel,23,Male,krishna.patel555@edupromail.com
U0557,Kiran Bose,21,Female,kiran.bose556@edupromail.com
U0558,Manoj Reddy,38,Male,manoj.reddy557@edupromail.com
U0559,Myra Kumar,39,Male,myra.kumar558@edupromail.com
U0560,Kavya Reddy,19,Female,kavya.reddy559@edupromail.com
U0561,Karthik Bose,28,Male,karthik.bose560@edupromail.com
U0562,Sai Verma,42,Female,sai.verma561@edupromail.com
U0563,Lakshmi Gupta,32,Male,lakshmi.gupta562@edupromail.com
U0564,Vihaan Das,35,Female,vihaan.das563@edupromail.com
U0565,Neha Menon,21,Male,neha.menon564@edupromail.com
U0566,Kiran Nair,38,Other,kiran.nair565@edupromail.com
U0567,Ananya Das,41,Female,ananya.das566@edupromail.com
U0568,Deepak Raman,30,Male,deepak.raman567@edupromail.com
U0569,Swathi Kumar,44,Female,swathi.kumar568@edupromail.com
U0570,Meera Kumar,21,Other,meera.kumar569@edupromail.com
U0571,Vivaan Bose,31,Male,vivaan.bose570@edupromail.com
U0572,Divya Mishra,33,Male,divya.mishra571@edupromail.com
U0573,Krishna Nair,30,Male,krishna.nair572@edupromail.com
U0574,Deepak Verma,36,Male,deepak.verma573@edupromail.com
U0575,Ananya Krishnan,21,Female,ananya.krishnan574@edupromail.com
U0576,Gokul Singh,28,Female,gokul.singh575@edupromail.com
U0577,Suresh Patel,32,Male,suresh.patel576@edupromail.com
U0578,Ananya Mishra,42,Male,ananya.mishra577@edupromail.com
U0579,Arun Verma,42,Female,arun.verma578@edupromail.com
U0580,Aadhya Chopra,32,Male,aadhya.chopra579@edupromail.com
U0581,Rohan Das,37,Male,rohan.das580@edupromail.com
U0582,Manoj Krishnan,23,Female,manoj.krishnan581@edupromail.com
U0583,Rohan Rao,20,Female,rohan.rao582@edupromail.com
U0584,Naveen Gupta,17,Female,naveen.gupta583@edupromail.com
U0585,Pihu Singh,21,Female,pihu.singh584@edupromail.com
U0586,Aadhya Das,39,Female,aadhya.das585@edupromail.com
U0587,Sai Kumar,42,Female,sai.kumar586@edupromail.com
U0588,Pooja Gupta,26,Male,pooja.gupta587@edupromail.com
U0589,Aarohi Verma,38,Male,aarohi.verma588@edupromail.com
U0590,Manoj Pillai,21,Male,manoj.pillai589@edupromail.com
U0591,Reyansh Reddy,20,Male,reyansh.reddy590@edupromail.com
U0592,Diya Subramanian,18,Female,diya.subramanian591@edupromail.com
U0593,Meera Das,36,Male,meera.das592@edupromail.com
U0594,Diya Singh,26,Male,diya.singh593@edupromail.com
U0595,Karthik Singh,42,Male,karthik.singh594@edupromail.com
U0596,Manoj Das,35,Male,manoj.das595@edupromail.com
U0597,Diya Sharma,42,Female,diya.sharma596@edupromail.com
U0598,Deepak Patel,17,Male,deepak.patel597@edupromail.com
U0599,Reyansh Rao,40,Female,reyansh.rao598@edupromail.com
U0600,Krishna Das,21,Male,krishna.das599@edupromail.com
